"C:/Users/Doge/Desktop/Nueva carpeta/proyecto-profesional-videojuego-3d/4.27/MyProject/Content/StarterContent/Audio/Collapse01.uasset" 0
"C:/Users/Doge/Desktop/Nueva carpeta/proyecto-profesional-videojuego-3d/4.27/MyProject/Content/StarterContent/Audio/Collapse01.uexp" 1
"C:/Users/Doge/Desktop/Nueva carpeta/proyecto-profesional-videojuego-3d/4.27/MyProject/Content/StarterContent/Audio/Collapse02.uasset" 2
"C:/Users/Doge/Desktop/Nueva carpeta/proyecto-profesional-videojuego-3d/4.27/MyProject/Content/StarterContent/Audio/Collapse02.uexp" 3
"C:/Users/Doge/Desktop/Nueva carpeta/proyecto-profesional-videojuego-3d/4.27/MyProject/Content/StarterContent/Audio/Fire01.uasset" 4
"C:/Users/Doge/Desktop/Nueva carpeta/proyecto-profesional-videojuego-3d/4.27/MyProject/Content/StarterContent/Audio/Fire01.uexp" 5
"C:/Users/Doge/Desktop/Nueva carpeta/proyecto-profesional-videojuego-3d/4.27/MyProject/Content/StarterContent/Audio/Fire_Sparks01.uasset" 6
"C:/Users/Doge/Desktop/Nueva carpeta/proyecto-profesional-videojuego-3d/4.27/MyProject/Content/StarterContent/Audio/Fire_Sparks01.uexp" 7
"C:/Users/Doge/Desktop/Nueva carpeta/proyecto-profesional-videojuego-3d/4.27/MyProject/Content/StarterContent/Audio/Smoke01.uasset" 8
"C:/Users/Doge/Desktop/Nueva carpeta/proyecto-profesional-videojuego-3d/4.27/MyProject/Content/StarterContent/Audio/Smoke01.uexp" 9
"C:/Users/Doge/Desktop/Nueva carpeta/proyecto-profesional-videojuego-3d/4.27/MyProject/Content/StarterContent/Audio/Starter_Birds01.uasset" 10
"C:/Users/Doge/Desktop/Nueva carpeta/proyecto-profesional-videojuego-3d/4.27/MyProject/Content/StarterContent/Audio/Starter_Birds01.uexp" 11
"C:/Users/Doge/Desktop/Nueva carpeta/proyecto-profesional-videojuego-3d/4.27/MyProject/Content/StarterContent/Audio/Starter_Music01.uasset" 12
"C:/Users/Doge/Desktop/Nueva carpeta/proyecto-profesional-videojuego-3d/4.27/MyProject/Content/StarterContent/Audio/Starter_Music01.uexp" 13
"C:/Users/Doge/Desktop/Nueva carpeta/proyecto-profesional-videojuego-3d/4.27/MyProject/Content/StarterContent/Audio/Starter_Wind05.uasset" 14
"C:/Users/Doge/Desktop/Nueva carpeta/proyecto-profesional-videojuego-3d/4.27/MyProject/Content/StarterContent/Audio/Starter_Wind05.uexp" 15
"C:/Users/Doge/Desktop/Nueva carpeta/proyecto-profesional-videojuego-3d/4.27/MyProject/Content/StarterContent/Audio/Starter_Wind06.uasset" 16
"C:/Users/Doge/Desktop/Nueva carpeta/proyecto-profesional-videojuego-3d/4.27/MyProject/Content/StarterContent/Audio/Starter_Wind06.uexp" 17
"C:/Users/Doge/Desktop/Nueva carpeta/proyecto-profesional-videojuego-3d/4.27/MyProject/Content/StarterContent/Audio/Steam01.uasset" 18
"C:/Users/Doge/Desktop/Nueva carpeta/proyecto-profesional-videojuego-3d/4.27/MyProject/Content/StarterContent/Audio/Steam01.uexp" 19
"C:/Users/Doge/Desktop/Nueva carpeta/proyecto-profesional-videojuego-3d/4.27/MyProject/Content/Mannequin/Character/Mesh/SK_Mannequin_PhysicsAsset.uasset" 20
"C:/Users/Doge/Desktop/Nueva carpeta/proyecto-profesional-videojuego-3d/4.27/MyProject/Content/Mannequin/Character/Mesh/SK_Mannequin_PhysicsAsset.uexp" 21
"C:/Users/Doge/Desktop/Nueva carpeta/proyecto-profesional-videojuego-3d/4.27/MyProject/Content/Mannequin/Character/Textures/T_UE4Logo_N.uasset" 22
"C:/Users/Doge/Desktop/Nueva carpeta/proyecto-profesional-videojuego-3d/4.27/MyProject/Content/Mannequin/Character/Textures/T_UE4Logo_N.uexp" 23
"C:/Users/Doge/Desktop/Nueva carpeta/proyecto-profesional-videojuego-3d/4.27/MyProject/Content/Mannequin/Character/Textures/T_UE4Logo_N.ubulk" 24
"C:/Users/Doge/Desktop/Nueva carpeta/proyecto-profesional-videojuego-3d/4.27/MyProject/Content/Mannequin/Character/Textures/T_UE4Logo_Mask.uasset" 25
"C:/Users/Doge/Desktop/Nueva carpeta/proyecto-profesional-videojuego-3d/4.27/MyProject/Content/Mannequin/Character/Textures/T_UE4Logo_Mask.uexp" 26
"C:/Users/Doge/Desktop/Nueva carpeta/proyecto-profesional-videojuego-3d/4.27/MyProject/Content/Mannequin/Character/Textures/T_UE4Logo_Mask.ubulk" 27
"C:/Users/Doge/Desktop/Nueva carpeta/proyecto-profesional-videojuego-3d/4.27/MyProject/Content/Mannequin/Character/Textures/T_Male_N.uasset" 28
"C:/Users/Doge/Desktop/Nueva carpeta/proyecto-profesional-videojuego-3d/4.27/MyProject/Content/Mannequin/Character/Textures/T_Male_N.uexp" 29
"C:/Users/Doge/Desktop/Nueva carpeta/proyecto-profesional-videojuego-3d/4.27/MyProject/Content/Mannequin/Character/Textures/T_Male_N.ubulk" 30
"C:/Users/Doge/Desktop/Nueva carpeta/proyecto-profesional-videojuego-3d/4.27/MyProject/Content/Mannequin/Character/Textures/T_Male_Mask.uasset" 31
"C:/Users/Doge/Desktop/Nueva carpeta/proyecto-profesional-videojuego-3d/4.27/MyProject/Content/Mannequin/Character/Textures/T_Male_Mask.uexp" 32
"C:/Users/Doge/Desktop/Nueva carpeta/proyecto-profesional-videojuego-3d/4.27/MyProject/Content/Mannequin/Character/Textures/T_Male_Mask.ubulk" 33
"C:/Users/Doge/Desktop/Nueva carpeta/proyecto-profesional-videojuego-3d/4.27/MyProject/Content/Mannequin/Character/Materials/MaterialLayers/T_ML_Rubber_Blue_01_N.uasset" 34
"C:/Users/Doge/Desktop/Nueva carpeta/proyecto-profesional-videojuego-3d/4.27/MyProject/Content/Mannequin/Character/Materials/MaterialLayers/T_ML_Rubber_Blue_01_N.uexp" 35
"C:/Users/Doge/Desktop/Nueva carpeta/proyecto-profesional-videojuego-3d/4.27/MyProject/Content/Mannequin/Character/Materials/MaterialLayers/T_ML_Rubber_Blue_01_N.ubulk" 36
"C:/Users/Doge/Desktop/Nueva carpeta/proyecto-profesional-videojuego-3d/4.27/MyProject/Content/Mannequin/Character/Materials/MaterialLayers/T_ML_Rubber_Blue_01_D.uasset" 37
"C:/Users/Doge/Desktop/Nueva carpeta/proyecto-profesional-videojuego-3d/4.27/MyProject/Content/Mannequin/Character/Materials/MaterialLayers/T_ML_Rubber_Blue_01_D.uexp" 38
"C:/Users/Doge/Desktop/Nueva carpeta/proyecto-profesional-videojuego-3d/4.27/MyProject/Content/Mannequin/Character/Materials/MaterialLayers/T_ML_Rubber_Blue_01_D.ubulk" 39
"C:/Users/Doge/Desktop/Nueva carpeta/proyecto-profesional-videojuego-3d/4.27/MyProject/Content/Mannequin/Character/Materials/MaterialLayers/T_ML_Aluminum01_N.uasset" 40
"C:/Users/Doge/Desktop/Nueva carpeta/proyecto-profesional-videojuego-3d/4.27/MyProject/Content/Mannequin/Character/Materials/MaterialLayers/T_ML_Aluminum01_N.uexp" 41
"C:/Users/Doge/Desktop/Nueva carpeta/proyecto-profesional-videojuego-3d/4.27/MyProject/Content/Mannequin/Character/Materials/MaterialLayers/T_ML_Aluminum01_N.ubulk" 42
"C:/Users/Doge/Desktop/Nueva carpeta/proyecto-profesional-videojuego-3d/4.27/MyProject/Content/Mannequin/Character/Materials/MaterialLayers/T_ML_Aluminum01.uasset" 43
"C:/Users/Doge/Desktop/Nueva carpeta/proyecto-profesional-videojuego-3d/4.27/MyProject/Content/Mannequin/Character/Materials/MaterialLayers/T_ML_Aluminum01.uexp" 44
"C:/Users/Doge/Desktop/Nueva carpeta/proyecto-profesional-videojuego-3d/4.27/MyProject/Content/Mannequin/Character/Materials/MaterialLayers/T_ML_Aluminum01.ubulk" 45
"C:/Users/Doge/Desktop/Nueva carpeta/proyecto-profesional-videojuego-3d/4.27/MyProject/Content/Mannequin/Character/Materials/MaterialLayers/ML_SoftMetal_UE4.uasset" 46
"C:/Users/Doge/Desktop/Nueva carpeta/proyecto-profesional-videojuego-3d/4.27/MyProject/Content/Mannequin/Character/Materials/MaterialLayers/ML_SoftMetal_UE4.uexp" 47
"C:/Users/Doge/Desktop/Nueva carpeta/proyecto-profesional-videojuego-3d/4.27/MyProject/Content/Mannequin/Character/Materials/MaterialLayers/ML_Plastic_Shiny_Beige_LOGO.uasset" 48
"C:/Users/Doge/Desktop/Nueva carpeta/proyecto-profesional-videojuego-3d/4.27/MyProject/Content/Mannequin/Character/Materials/MaterialLayers/ML_Plastic_Shiny_Beige_LOGO.uexp" 49
"C:/Users/Doge/Desktop/Nueva carpeta/proyecto-profesional-videojuego-3d/4.27/MyProject/Content/Mannequin/Character/Materials/MaterialLayers/ML_Plastic_Shiny_Beige.uasset" 50
"C:/Users/Doge/Desktop/Nueva carpeta/proyecto-profesional-videojuego-3d/4.27/MyProject/Content/Mannequin/Character/Materials/MaterialLayers/ML_Plastic_Shiny_Beige.uexp" 51
"C:/Users/Doge/Desktop/Nueva carpeta/proyecto-profesional-videojuego-3d/4.27/MyProject/Content/Mannequin/Character/Materials/MaterialLayers/ML_GlossyBlack_Latex_UE4.uasset" 52
"C:/Users/Doge/Desktop/Nueva carpeta/proyecto-profesional-videojuego-3d/4.27/MyProject/Content/Mannequin/Character/Materials/MaterialLayers/ML_GlossyBlack_Latex_UE4.uexp" 53
"../../../Engine/Content/Functions/MaterialLayerFunctions/MatLayerBlend_Simple.uasset" 54
"../../../Engine/Content/Functions/MaterialLayerFunctions/MatLayerBlend_Simple.uexp" 55
"../../../Engine/Content/Functions/Engine_MaterialFunctions02/Utility/BlendAngleCorrectedNormals.uasset" 56
"../../../Engine/Content/Functions/Engine_MaterialFunctions02/Utility/BlendAngleCorrectedNormals.uexp" 57
"../../../Engine/Content/Functions/MaterialLayerFunctions/MatLayerBlend_NormalBlend.uasset" 58
"../../../Engine/Content/Functions/MaterialLayerFunctions/MatLayerBlend_NormalBlend.uexp" 59
"C:/Users/Doge/Desktop/Nueva carpeta/proyecto-profesional-videojuego-3d/4.27/MyProject/Content/Mannequin/Character/Materials/M_Male_Body.uasset" 60
"C:/Users/Doge/Desktop/Nueva carpeta/proyecto-profesional-videojuego-3d/4.27/MyProject/Content/Mannequin/Character/Materials/M_Male_Body.uexp" 61
"C:/Users/Doge/Desktop/Nueva carpeta/proyecto-profesional-videojuego-3d/4.27/MyProject/Content/Mannequin/Character/Materials/M_UE4Man_ChestLogo.uasset" 62
"C:/Users/Doge/Desktop/Nueva carpeta/proyecto-profesional-videojuego-3d/4.27/MyProject/Content/Mannequin/Character/Materials/M_UE4Man_ChestLogo.uexp" 63
"C:/Users/Doge/Desktop/Nueva carpeta/proyecto-profesional-videojuego-3d/4.27/MyProject/Content/Mannequin/Character/Mesh/UE4_Mannequin_Skeleton.uasset" 64
"C:/Users/Doge/Desktop/Nueva carpeta/proyecto-profesional-videojuego-3d/4.27/MyProject/Content/Mannequin/Character/Mesh/UE4_Mannequin_Skeleton.uexp" 65
"C:/Users/Doge/Desktop/Nueva carpeta/proyecto-profesional-videojuego-3d/4.27/MyProject/Content/Mannequin/Character/Mesh/SK_Mannequin.uasset" 66
"C:/Users/Doge/Desktop/Nueva carpeta/proyecto-profesional-videojuego-3d/4.27/MyProject/Content/Mannequin/Character/Mesh/SK_Mannequin.uexp" 67
"C:/Users/Doge/Desktop/Nueva carpeta/proyecto-profesional-videojuego-3d/4.27/MyProject/Content/Mannequin/Animations/ThirdPersonJump_Loop.uasset" 68
"C:/Users/Doge/Desktop/Nueva carpeta/proyecto-profesional-videojuego-3d/4.27/MyProject/Content/Mannequin/Animations/ThirdPersonJump_Loop.uexp" 69
"C:/Users/Doge/Desktop/Nueva carpeta/proyecto-profesional-videojuego-3d/4.27/MyProject/Content/Mannequin/Animations/ThirdPersonIdle.uasset" 70
"C:/Users/Doge/Desktop/Nueva carpeta/proyecto-profesional-videojuego-3d/4.27/MyProject/Content/Mannequin/Animations/ThirdPersonIdle.uexp" 71
"C:/Users/Doge/Desktop/Nueva carpeta/proyecto-profesional-videojuego-3d/4.27/MyProject/Content/Mannequin/Animations/ThirdPersonRun.uasset" 72
"C:/Users/Doge/Desktop/Nueva carpeta/proyecto-profesional-videojuego-3d/4.27/MyProject/Content/Mannequin/Animations/ThirdPersonRun.uexp" 73
"C:/Users/Doge/Desktop/Nueva carpeta/proyecto-profesional-videojuego-3d/4.27/MyProject/Content/Mannequin/Animations/ThirdPersonWalk.uasset" 74
"C:/Users/Doge/Desktop/Nueva carpeta/proyecto-profesional-videojuego-3d/4.27/MyProject/Content/Mannequin/Animations/ThirdPersonWalk.uexp" 75
"C:/Users/Doge/Desktop/Nueva carpeta/proyecto-profesional-videojuego-3d/4.27/MyProject/Content/Mannequin/Animations/ThirdPerson_IdleRun_2D.uasset" 76
"C:/Users/Doge/Desktop/Nueva carpeta/proyecto-profesional-videojuego-3d/4.27/MyProject/Content/Mannequin/Animations/ThirdPerson_IdleRun_2D.uexp" 77
"C:/Users/Doge/Desktop/Nueva carpeta/proyecto-profesional-videojuego-3d/4.27/MyProject/Content/Mannequin/Animations/ThirdPerson_Jump.uasset" 78
"C:/Users/Doge/Desktop/Nueva carpeta/proyecto-profesional-videojuego-3d/4.27/MyProject/Content/Mannequin/Animations/ThirdPerson_Jump.uexp" 79
"C:/Users/Doge/Desktop/Nueva carpeta/proyecto-profesional-videojuego-3d/4.27/MyProject/Content/Mannequin/Animations/ThirdPersonJump_Start.uasset" 80
"C:/Users/Doge/Desktop/Nueva carpeta/proyecto-profesional-videojuego-3d/4.27/MyProject/Content/Mannequin/Animations/ThirdPersonJump_Start.uexp" 81
"../../../Engine/Content/EditorBlueprintResources/StandardMacros.uasset" 82
"../../../Engine/Content/EditorBlueprintResources/StandardMacros.uexp" 83
"C:/Users/Doge/Desktop/Nueva carpeta/proyecto-profesional-videojuego-3d/4.27/MyProject/Content/Mannequin/Animations/ThirdPerson_AnimBP.uasset" 84
"C:/Users/Doge/Desktop/Nueva carpeta/proyecto-profesional-videojuego-3d/4.27/MyProject/Content/Mannequin/Animations/ThirdPerson_AnimBP.uexp" 85
"C:/Users/Doge/Desktop/Nueva carpeta/proyecto-profesional-videojuego-3d/4.27/MyProject/Content/StarterContent/Blueprints/Personaje.uasset" 86
"C:/Users/Doge/Desktop/Nueva carpeta/proyecto-profesional-videojuego-3d/4.27/MyProject/Content/StarterContent/Blueprints/Personaje.uexp" 87
"C:/Users/Doge/Desktop/Nueva carpeta/proyecto-profesional-videojuego-3d/4.27/MyProject/Content/StarterContent/ModoDeJuego/NewGameMode.uasset" 88
"C:/Users/Doge/Desktop/Nueva carpeta/proyecto-profesional-videojuego-3d/4.27/MyProject/Content/StarterContent/ModoDeJuego/NewGameMode.uexp" 89
"../../../Engine/Content/Animation/DefaultAnimBoneCompressionSettings.uasset" 90
"../../../Engine/Content/Animation/DefaultAnimBoneCompressionSettings.uexp" 91
"../../../Engine/Content/Animation/DefaultAnimCurveCompressionSettings.uasset" 92
"../../../Engine/Content/Animation/DefaultAnimCurveCompressionSettings.uexp" 93
"../../../Engine/Content/EngineMaterials/T_Default_Material_Grid_N.uasset" 94
"../../../Engine/Content/EngineMaterials/T_Default_Material_Grid_N.uexp" 95
"../../../Engine/Content/EngineMaterials/T_Default_Material_Grid_N.ubulk" 96
"../../../Engine/Content/EngineMaterials/T_Default_Material_Grid_M.uasset" 97
"../../../Engine/Content/EngineMaterials/T_Default_Material_Grid_M.uexp" 98
"../../../Engine/Content/EngineMaterials/T_Default_Material_Grid_M.ubulk" 99
"../../../Engine/Content/Functions/Engine_MaterialFunctions01/Opacity/CameraDepthFade.uasset" 100
"../../../Engine/Content/Functions/Engine_MaterialFunctions01/Opacity/CameraDepthFade.uexp" 101
"../../../Engine/Content/EngineMaterials/WorldGridMaterial.uasset" 102
"../../../Engine/Content/EngineMaterials/WorldGridMaterial.uexp" 103
"../../../Engine/Content/ArtTools/RenderToTexture/Meshes/S_1_Unit_Plane.uasset" 104
"../../../Engine/Content/ArtTools/RenderToTexture/Meshes/S_1_Unit_Plane.uexp" 105
"../../../Engine/Content/EngineMaterials/DefaultMaterial.uasset" 106
"../../../Engine/Content/EngineMaterials/DefaultMaterial.uexp" 107
"../../../Engine/Content/BasicShapes/Cone.uasset" 108
"../../../Engine/Content/BasicShapes/Cone.uexp" 109
"../../../Engine/Content/BasicShapes/Sphere.uasset" 110
"../../../Engine/Content/BasicShapes/Sphere.uexp" 111
"../../../Engine/Content/EditorLandscapeResources/DataLayer.uasset" 112
"../../../Engine/Content/EditorLandscapeResources/DataLayer.uexp" 113
"../../../Engine/Content/EditorLandscapeResources/DefaultAlphaTexture.uasset" 114
"../../../Engine/Content/EditorLandscapeResources/DefaultAlphaTexture.uexp" 115
"../../../Engine/Content/EditorMaterials/MAT_Groups_Toggle.uasset" 116
"../../../Engine/Content/EditorMaterials/MAT_Groups_Toggle.uexp" 117
"../../../Engine/Content/EditorMaterials/MAT_Groups_Visibility.uasset" 118
"../../../Engine/Content/EditorMaterials/MAT_Groups_Visibility.uexp" 119
"../../../Engine/Content/EditorMaterials/PreviewShadowIndicator.uasset" 120
"../../../Engine/Content/EditorMaterials/PreviewShadowIndicator.uexp" 121
"../../../Engine/Content/EditorMaterials/PreviewShadowIndicator.ubulk" 122
"../../../Engine/Content/EditorMaterials/PreviewShadowIndicatorMaterial.uasset" 123
"../../../Engine/Content/EditorMaterials/PreviewShadowIndicatorMaterial.uexp" 124
"../../../Engine/Content/EditorMaterials/MatineeGroups/MAT_ColorTrack.uasset" 125
"../../../Engine/Content/EditorMaterials/MatineeGroups/MAT_ColorTrack.uexp" 126
"../../../Engine/Content/EditorMaterials/MatineeGroups/MAT_Groups_Anim.uasset" 127
"../../../Engine/Content/EditorMaterials/MatineeGroups/MAT_Groups_Anim.uexp" 128
"../../../Engine/Content/EditorMaterials/MatineeGroups/MAT_Groups_AudioMaster.uasset" 129
"../../../Engine/Content/EditorMaterials/MatineeGroups/MAT_Groups_AudioMaster.uexp" 130
"../../../Engine/Content/EditorMaterials/MatineeGroups/MAT_Groups_Director.uasset" 131
"../../../Engine/Content/EditorMaterials/MatineeGroups/MAT_Groups_Director.uexp" 132
"../../../Engine/Content/EditorMaterials/MatineeGroups/MAT_Groups_Event.uasset" 133
"../../../Engine/Content/EditorMaterials/MatineeGroups/MAT_Groups_Event.uexp" 134
"../../../Engine/Content/EditorMaterials/MatineeGroups/MAT_Groups_Fade.uasset" 135
"../../../Engine/Content/EditorMaterials/MatineeGroups/MAT_Groups_Fade.uexp" 136
"../../../Engine/Content/EditorMaterials/MatineeGroups/MAT_Groups_Float.uasset" 137
"../../../Engine/Content/EditorMaterials/MatineeGroups/MAT_Groups_Float.uexp" 138
"../../../Engine/Content/EditorMaterials/MatineeGroups/MAT_Groups_Move.uasset" 139
"../../../Engine/Content/EditorMaterials/MatineeGroups/MAT_Groups_Move.uexp" 140
"../../../Engine/Content/EditorMaterials/MatineeGroups/MAT_Groups_Slomo.uasset" 141
"../../../Engine/Content/EditorMaterials/MatineeGroups/MAT_Groups_Slomo.uexp" 142
"../../../Engine/Content/EditorMaterials/MatineeGroups/MAT_Groups_Sound.uasset" 143
"../../../Engine/Content/EditorMaterials/MatineeGroups/MAT_Groups_Sound.uexp" 144
"../../../Engine/Content/EditorMaterials/MatineeGroups/MAT_Groups_Vector.uasset" 145
"../../../Engine/Content/EditorMaterials/MatineeGroups/MAT_Groups_Vector.uexp" 146
"../../../Engine/Content/EditorMaterials/ParticleSystems/PSysThumbnail_NoImage.uasset" 147
"../../../Engine/Content/EditorMaterials/ParticleSystems/PSysThumbnail_NoImage.uexp" 148
"../../../Engine/Content/EditorMaterials/ParticleSystems/PSysThumbnail_NoImage.ubulk" 149
"../../../Engine/Content/EditorMaterials/ParticleSystems/PSysThumbnail_OOD.uasset" 150
"../../../Engine/Content/EditorMaterials/ParticleSystems/PSysThumbnail_OOD.uexp" 151
"../../../Engine/Content/EditorMaterials/ParticleSystems/PSysThumbnail_OOD.ubulk" 152
"../../../Engine/Content/EditorMaterials/Camera/CineMat.uasset" 153
"../../../Engine/Content/EditorMaterials/Camera/CineMat.uexp" 154
"../../../Engine/Content/EditorMaterials/Camera/MI_CineMat_Rig.uasset" 155
"../../../Engine/Content/EditorMaterials/Camera/MI_CineMat_Rig.uexp" 156
"../../../Engine/Content/EditorMeshes/Camera/SM_CraneRig_Arm.uasset" 157
"../../../Engine/Content/EditorMeshes/Camera/SM_CraneRig_Arm.uexp" 158
"../../../Engine/Content/EditorMeshes/Camera/SM_CraneRig_Base.uasset" 159
"../../../Engine/Content/EditorMeshes/Camera/SM_CraneRig_Base.uexp" 160
"../../../Engine/Content/EditorMeshes/Camera/SM_CraneRig_Body.uasset" 161
"../../../Engine/Content/EditorMeshes/Camera/SM_CraneRig_Body.uexp" 162
"../../../Engine/Content/EditorMeshes/Camera/SM_CraneRig_Mount.uasset" 163
"../../../Engine/Content/EditorMeshes/Camera/SM_CraneRig_Mount.uexp" 164
"../../../Engine/Content/EditorMeshes/Camera/SM_RailRig_Mount.uasset" 165
"../../../Engine/Content/EditorMeshes/Camera/SM_RailRig_Mount.uexp" 166
"../../../Engine/Content/EditorMeshes/Camera/SM_RailRig_Track.uasset" 167
"../../../Engine/Content/EditorMeshes/Camera/SM_RailRig_Track.uexp" 168
"../../../Engine/Content/EditorResources/BSPVertex.uasset" 169
"../../../Engine/Content/EditorResources/BSPVertex.uexp" 170
"../../../Engine/Content/EditorResources/EmptyActor.uasset" 171
"../../../Engine/Content/EditorResources/EmptyActor.uexp" 172
"../../../Engine/Content/EditorResources/S_Actor.uasset" 173
"../../../Engine/Content/EditorResources/S_Actor.uexp" 174
"../../../Engine/Content/EditorResources/S_Actor.ubulk" 175
"../../../Engine/Content/EditorResources/S_KHinge.uasset" 176
"../../../Engine/Content/EditorResources/S_KHinge.uexp" 177
"../../../Engine/Content/EditorResources/S_KHinge.ubulk" 178
"../../../Engine/Content/EditorResources/S_Note.uasset" 179
"../../../Engine/Content/EditorResources/S_Note.uexp" 180
"../../../Engine/Content/EditorResources/S_Note.ubulk" 181
"../../../Engine/Content/EditorResources/S_Solver.uasset" 182
"../../../Engine/Content/EditorResources/S_Solver.uexp" 183
"../../../Engine/Content/EditorResources/S_Solver.ubulk" 184
"../../../Engine/Content/EditorResources/S_Terrain.uasset" 185
"../../../Engine/Content/EditorResources/S_Terrain.uexp" 186
"../../../Engine/Content/EditorResources/S_Terrain.ubulk" 187
"../../../Engine/Content/EditorResources/S_Trigger.uasset" 188
"../../../Engine/Content/EditorResources/S_Trigger.uexp" 189
"../../../Engine/Content/EditorResources/S_Trigger.ubulk" 190
"../../../Engine/Content/EditorResources/AudioIcons/S_AudioComponent.uasset" 191
"../../../Engine/Content/EditorResources/AudioIcons/S_AudioComponent.uexp" 192
"../../../Engine/Content/EditorResources/AudioIcons/S_AudioComponent.ubulk" 193
"../../../Engine/Content/EditorResources/AudioIcons/S_AudioComponent_AutoActivate.uasset" 194
"../../../Engine/Content/EditorResources/AudioIcons/S_AudioComponent_AutoActivate.uexp" 195
"../../../Engine/Content/EditorResources/AudioIcons/S_AudioComponent_AutoActivate.ubulk" 196
"../../../Engine/Content/EditorResources/LightIcons/S_LightError.uasset" 197
"../../../Engine/Content/EditorResources/LightIcons/S_LightError.uexp" 198
"../../../Engine/Content/EditorResources/SequenceRecorder/Countdown.uasset" 199
"../../../Engine/Content/EditorResources/SequenceRecorder/Countdown.uexp" 200
"../../../Engine/Content/EditorResources/SequenceRecorder/RecordingIndicator.uasset" 201
"../../../Engine/Content/EditorResources/SequenceRecorder/RecordingIndicator.uexp" 202
"../../../Engine/Content/EngineDamageTypes/DmgTypeBP_Environmental.uasset" 203
"../../../Engine/Content/EngineDamageTypes/DmgTypeBP_Environmental.uexp" 204
"../../../Engine/Content/EngineDebugMaterials/DebugEditorMaterial.uasset" 205
"../../../Engine/Content/EngineDebugMaterials/DebugEditorMaterial.uexp" 206
"../../../Engine/Content/EngineDebugMaterials/DebugMeshMaterial.uasset" 207
"../../../Engine/Content/EngineDebugMaterials/DebugMeshMaterial.uexp" 208
"../../../Engine/Content/EngineDebugMaterials/M_SimpleUnlitTranslucent.uasset" 209
"../../../Engine/Content/EngineDebugMaterials/M_SimpleUnlitTranslucent.uexp" 210
"../../../Engine/Content/EngineDebugMaterials/VolumeToRender.uasset" 211
"../../../Engine/Content/EngineDebugMaterials/VolumeToRender.uexp" 212
"../../../Engine/Content/Functions/Engine_MaterialFunctions02/Utility/CameraDirectionVector.uasset" 213
"../../../Engine/Content/Functions/Engine_MaterialFunctions02/Utility/CameraDirectionVector.uexp" 214
"../../../Engine/Content/EngineDebugMaterials/M_VolumeRenderSphereTracePP.uasset" 215
"../../../Engine/Content/EngineDebugMaterials/M_VolumeRenderSphereTracePP.uexp" 216
"../../../Engine/Content/Functions/Engine_MaterialFunctions01/Shading/ConvertFromDiffSpec.uasset" 217
"../../../Engine/Content/Functions/Engine_MaterialFunctions01/Shading/ConvertFromDiffSpec.uexp" 218
"../../../Engine/Content/EngineDebugMaterials/VertexColorMaterial.uasset" 219
"../../../Engine/Content/EngineDebugMaterials/VertexColorMaterial.uexp" 220
"../../../Engine/Content/EngineDebugMaterials/WireframeMaterial.uasset" 221
"../../../Engine/Content/EngineDebugMaterials/WireframeMaterial.uexp" 222
"../../../Engine/Content/EngineFonts/Faces/RobotoRegular.uasset" 223
"../../../Engine/Content/EngineFonts/Faces/RobotoRegular.uexp" 224
"../../../Engine/Content/EngineFonts/Faces/RobotoRegular.ufont" 225
"../../../Engine/Content/EngineFonts/Faces/RobotoLight.uasset" 226
"../../../Engine/Content/EngineFonts/Faces/RobotoLight.uexp" 227
"../../../Engine/Content/EngineFonts/Faces/RobotoLight.ufont" 228
"../../../Engine/Content/EngineFonts/Faces/RobotoItalic.uasset" 229
"../../../Engine/Content/EngineFonts/Faces/RobotoItalic.uexp" 230
"../../../Engine/Content/EngineFonts/Faces/RobotoItalic.ufont" 231
"../../../Engine/Content/EngineFonts/Faces/RobotoBoldItalic.uasset" 232
"../../../Engine/Content/EngineFonts/Faces/RobotoBoldItalic.uexp" 233
"../../../Engine/Content/EngineFonts/Faces/RobotoBoldItalic.ufont" 234
"../../../Engine/Content/EngineFonts/Faces/RobotoBold.uasset" 235
"../../../Engine/Content/EngineFonts/Faces/RobotoBold.uexp" 236
"../../../Engine/Content/EngineFonts/Faces/RobotoBold.ufont" 237
"../../../Engine/Content/EngineFonts/Faces/DroidSansFallback.uasset" 238
"../../../Engine/Content/EngineFonts/Faces/DroidSansFallback.uexp" 239
"../../../Engine/Content/EngineFonts/Faces/DroidSansFallback.ufont" 240
"../../../Engine/Content/EngineFonts/Roboto.uasset" 241
"../../../Engine/Content/EngineFonts/Roboto.uexp" 242
"../../../Engine/Content/EngineMaterials/BaseFlattenNormalMap.uasset" 243
"../../../Engine/Content/EngineMaterials/BaseFlattenNormalMap.uexp" 244
"../../../Engine/Content/EngineMaterials/BaseFlattenGrayscaleMap.uasset" 245
"../../../Engine/Content/EngineMaterials/BaseFlattenGrayscaleMap.uexp" 246
"../../../Engine/Content/EngineMaterials/BaseFlattenEmissiveMap.uasset" 247
"../../../Engine/Content/EngineMaterials/BaseFlattenEmissiveMap.uexp" 248
"../../../Engine/Content/EngineMaterials/BaseFlattenDiffuseMap.uasset" 249
"../../../Engine/Content/EngineMaterials/BaseFlattenDiffuseMap.uexp" 250
"../../../Engine/Content/EngineMaterials/BaseFlattenMaterial.uasset" 251
"../../../Engine/Content/EngineMaterials/BaseFlattenMaterial.uexp" 252
"../../../Engine/Content/EngineMaterials/BlueNoise.uasset" 253
"../../../Engine/Content/EngineMaterials/BlueNoise.uexp" 254
"../../../Engine/Content/EngineMaterials/DefaultBloomKernel.uasset" 255
"../../../Engine/Content/EngineMaterials/DefaultBloomKernel.uexp" 256
"../../../Engine/Content/EngineMaterials/DefaultBokeh.uasset" 257
"../../../Engine/Content/EngineMaterials/DefaultBokeh.uexp" 258
"../../../Engine/Content/EngineMaterials/DefaultDiffuse.uasset" 259
"../../../Engine/Content/EngineMaterials/DefaultDiffuse.uexp" 260
"../../../Engine/Content/EngineMaterials/DefaultDiffuse.ubulk" 261
"../../../Engine/Content/EngineMaterials/DefaultDeferredDecalMaterial.uasset" 262
"../../../Engine/Content/EngineMaterials/DefaultDeferredDecalMaterial.uexp" 263
"../../../Engine/Content/EngineMaterials/DefaultLightFunctionMaterial.uasset" 264
"../../../Engine/Content/EngineMaterials/DefaultLightFunctionMaterial.uexp" 265
"../../../Engine/Content/EngineMaterials/DefaultPhysicalMaterial.uasset" 266
"../../../Engine/Content/EngineMaterials/DefaultPhysicalMaterial.uexp" 267
"../../../Engine/Content/Functions/Engine_MaterialFunctions02/Utility/BreakOutFloat2Components.uasset" 268
"../../../Engine/Content/Functions/Engine_MaterialFunctions02/Utility/BreakOutFloat2Components.uexp" 269
"../../../Engine/Content/EngineMaterials/DefaultPostProcessMaterial.uasset" 270
"../../../Engine/Content/EngineMaterials/DefaultPostProcessMaterial.uexp" 271
"../../../Engine/Content/EngineFonts/RobotoDistanceField.uasset" 272
"../../../Engine/Content/EngineFonts/RobotoDistanceField.uexp" 273
"../../../Engine/Content/EngineMaterials/DefaultTextMaterialOpaque.uasset" 274
"../../../Engine/Content/EngineMaterials/DefaultTextMaterialOpaque.uexp" 275
"../../../Engine/Content/EngineMaterials/DefaultWhiteGrid.uasset" 276
"../../../Engine/Content/EngineMaterials/DefaultWhiteGrid.uexp" 277
"../../../Engine/Content/EngineMaterials/DefaultWhiteGrid.ubulk" 278
"../../../Engine/Content/EngineMaterials/DefaultWhiteGrid_Low.uasset" 279
"../../../Engine/Content/EngineMaterials/DefaultWhiteGrid_Low.uexp" 280
"../../../Engine/Content/EngineMaterials/EmissiveMeshMaterial.uasset" 281
"../../../Engine/Content/EngineMaterials/EmissiveMeshMaterial.uexp" 282
"../../../Engine/Content/EngineMaterials/GizmoMaterial.uasset" 283
"../../../Engine/Content/EngineMaterials/GizmoMaterial.uexp" 284
"../../../Engine/Content/EngineMaterials/Good64x64TilingNoiseHighFreq.uasset" 285
"../../../Engine/Content/EngineMaterials/Good64x64TilingNoiseHighFreq.uexp" 286
"../../../Engine/Content/EngineMaterials/MiniFont.uasset" 287
"../../../Engine/Content/EngineMaterials/MiniFont.uexp" 288
"../../../Engine/Content/EngineMaterials/InvalidLightmapSettings.uasset" 289
"../../../Engine/Content/EngineMaterials/InvalidLightmapSettings.uexp" 290
"../../../Engine/Content/EngineMaterials/InvalidLightmapSettings.ubulk" 291
"../../../Engine/Content/EngineMaterials/M_InvalidLightmapSettings.uasset" 292
"../../../Engine/Content/EngineMaterials/M_InvalidLightmapSettings.uexp" 293
"../../../Engine/Content/Functions/Engine_MaterialFunctions02/WorldPositionOffset/CameraOffset.uasset" 294
"../../../Engine/Content/Functions/Engine_MaterialFunctions02/WorldPositionOffset/CameraOffset.uexp" 295
"../../../Engine/Content/EngineMaterials/PhAT_JointLimitMaterial.uasset" 296
"../../../Engine/Content/EngineMaterials/PhAT_JointLimitMaterial.uexp" 297
"../../../Engine/Content/EngineMaterials/DefaultCalibrationColor.uasset" 298
"../../../Engine/Content/EngineMaterials/DefaultCalibrationColor.uexp" 299
"../../../Engine/Content/EngineMaterials/PPM_DefaultCalibrationColor.uasset" 300
"../../../Engine/Content/EngineMaterials/PPM_DefaultCalibrationColor.uexp" 301
"../../../Engine/Content/EngineMaterials/DefaultCalibrationGrayscale.uasset" 302
"../../../Engine/Content/EngineMaterials/DefaultCalibrationGrayscale.uexp" 303
"../../../Engine/Content/EngineMaterials/PPM_DefaultCalibrationGrayscale.uasset" 304
"../../../Engine/Content/EngineMaterials/PPM_DefaultCalibrationGrayscale.uexp" 305
"../../../Engine/Content/EngineMaterials/PreintegratedSkinBRDF.uasset" 306
"../../../Engine/Content/EngineMaterials/PreintegratedSkinBRDF.uexp" 307
"../../../Engine/Content/EngineMaterials/RemoveSurfaceMaterial.uasset" 308
"../../../Engine/Content/EngineMaterials/RemoveSurfaceMaterial.uexp" 309
"../../../Engine/Content/EngineMaterials/WeightMapPlaceholderTexture.uasset" 310
"../../../Engine/Content/EngineMaterials/WeightMapPlaceholderTexture.uexp" 311
"../../../Engine/Content/EngineResources/WhiteSquareTexture.uasset" 312
"../../../Engine/Content/EngineResources/WhiteSquareTexture.uexp" 313
"../../../Engine/Content/EngineMaterials/Widget3DPassThrough.uasset" 314
"../../../Engine/Content/EngineMaterials/Widget3DPassThrough.uexp" 315
"../../../Engine/Content/EngineMaterials/Widget3DPassThrough_Masked.uasset" 316
"../../../Engine/Content/EngineMaterials/Widget3DPassThrough_Masked.uexp" 317
"../../../Engine/Content/EngineMaterials/Widget3DPassThrough_Opaque.uasset" 318
"../../../Engine/Content/EngineMaterials/Widget3DPassThrough_Opaque.uexp" 319
"../../../Engine/Content/EngineMaterials/Widget3DPassThrough_Masked_OneSided.uasset" 320
"../../../Engine/Content/EngineMaterials/Widget3DPassThrough_Masked_OneSided.uexp" 321
"../../../Engine/Content/EngineMaterials/Widget3DPassThrough_Opaque_OneSided.uasset" 322
"../../../Engine/Content/EngineMaterials/Widget3DPassThrough_Opaque_OneSided.uexp" 323
"../../../Engine/Content/EngineMaterials/Widget3DPassThrough_Translucent.uasset" 324
"../../../Engine/Content/EngineMaterials/Widget3DPassThrough_Translucent.uexp" 325
"../../../Engine/Content/EngineMaterials/Widget3DPassThrough_Translucent_OneSided.uasset" 326
"../../../Engine/Content/EngineMaterials/Widget3DPassThrough_Translucent_OneSided.uexp" 327
"../../../Engine/Content/EngineMeshes/Cylinder.uasset" 328
"../../../Engine/Content/EngineMeshes/Cylinder.uexp" 329
"../../../Engine/Content/EngineMeshes/Sphere.uasset" 330
"../../../Engine/Content/EngineMeshes/Sphere.uexp" 331
"../../../Engine/Content/EngineResources/DefaultTexture.uasset" 332
"../../../Engine/Content/EngineResources/DefaultTexture.uexp" 333
"../../../Engine/Content/EngineResources/DefaultTexture.ubulk" 334
"../../../Engine/Content/EngineResources/DefaultTextureCube.uasset" 335
"../../../Engine/Content/EngineResources/DefaultTextureCube.uexp" 336
"../../../Engine/Content/EngineResources/DefaultVolumeTexture2D.uasset" 337
"../../../Engine/Content/EngineResources/DefaultVolumeTexture2D.uexp" 338
"../../../Engine/Content/EngineResources/DefaultVolumeTexture.uasset" 339
"../../../Engine/Content/EngineResources/DefaultVolumeTexture.uexp" 340
"../../../Engine/Content/EngineResources/GradientTexture0.uasset" 341
"../../../Engine/Content/EngineResources/GradientTexture0.uexp" 342
"../../../Engine/Content/EngineSky/VolumetricClouds/T_NoiseShape64.uasset" 343
"../../../Engine/Content/EngineSky/VolumetricClouds/T_NoiseShape64.uexp" 344
"../../../Engine/Content/EngineSky/VolumetricClouds/T_NoiseShape64.ubulk" 345
"../../../Engine/Content/EngineSky/VolumetricClouds/T_VolumeNoiseShape64.uasset" 346
"../../../Engine/Content/EngineSky/VolumetricClouds/T_VolumeNoiseShape64.uexp" 347
"../../../Engine/Content/EngineSky/VolumetricClouds/T_NoiseErosion.uasset" 348
"../../../Engine/Content/EngineSky/VolumetricClouds/T_NoiseErosion.uexp" 349
"../../../Engine/Content/EngineSky/VolumetricClouds/T_NoiseErosion.ubulk" 350
"../../../Engine/Content/EngineSky/VolumetricClouds/T_VolumeNoiseErosion32.uasset" 351
"../../../Engine/Content/EngineSky/VolumetricClouds/T_VolumeNoiseErosion32.uexp" 352
"../../../Engine/Content/EngineSky/VolumetricClouds/CloudWeatherTexture.uasset" 353
"../../../Engine/Content/EngineSky/VolumetricClouds/CloudWeatherTexture.uexp" 354
"../../../Engine/Content/EngineSky/VolumetricClouds/CloudGradientTexture.uasset" 355
"../../../Engine/Content/EngineSky/VolumetricClouds/CloudGradientTexture.uexp" 356
"../../../Engine/Content/Functions/Engine_MaterialFunctions02/Utility/MakeFloat2.uasset" 357
"../../../Engine/Content/Functions/Engine_MaterialFunctions02/Utility/MakeFloat2.uexp" 358
"../../../Engine/Content/EngineSky/VolumetricClouds/m_SimpleVolumetricCloud.uasset" 359
"../../../Engine/Content/EngineSky/VolumetricClouds/m_SimpleVolumetricCloud.uexp" 360
"../../../Engine/Content/EngineSky/VolumetricClouds/m_SimpleVolumetricCloud_Inst.uasset" 361
"../../../Engine/Content/EngineSky/VolumetricClouds/m_SimpleVolumetricCloud_Inst.uexp" 362
"../../../Engine/Content/EngineSounds/Master.uasset" 363
"../../../Engine/Content/EngineSounds/Master.uexp" 364
"../../../Engine/Content/Functions/Engine_MaterialFunctions01/Shading/PowerToRoughness.uasset" 365
"../../../Engine/Content/Functions/Engine_MaterialFunctions01/Shading/PowerToRoughness.uexp" 366
"../../../Engine/Content/Maps/Templates/Thumbnails/Default.uasset" 367
"../../../Engine/Content/Maps/Templates/Thumbnails/Default.uexp" 368
"../../../Engine/Content/Maps/Templates/Thumbnails/TimeOfDay.uasset" 369
"../../../Engine/Content/Maps/Templates/Thumbnails/TimeOfDay.uexp" 370
"../../../Engine/Content/Maps/Templates/Thumbnails/VR-Basic.uasset" 371
"../../../Engine/Content/Maps/Templates/Thumbnails/VR-Basic.uexp" 372
"../../../Engine/Content/MobileResources/T_MobileControls_texture.uasset" 373
"../../../Engine/Content/MobileResources/T_MobileControls_texture.uexp" 374
"../../../Engine/Content/MobileResources/T_MobileMenu2.uasset" 375
"../../../Engine/Content/MobileResources/T_MobileMenu2.uexp" 376
"../../../Engine/Content/MobileResources/HUD/AnalogHat.uasset" 377
"../../../Engine/Content/MobileResources/HUD/AnalogHat.uexp" 378
"../../../Engine/Content/MobileResources/HUD/VirtualJoystick_Thumb.uasset" 379
"../../../Engine/Content/MobileResources/HUD/VirtualJoystick_Thumb.uexp" 380
"../../../Engine/Content/MobileResources/HUD/VirtualJoystick_Background.uasset" 381
"../../../Engine/Content/MobileResources/HUD/VirtualJoystick_Background.uexp" 382
"../../../Engine/Content/MobileResources/HUD/LeftVirtualJoystickOnly.uasset" 383
"../../../Engine/Content/MobileResources/HUD/LeftVirtualJoystickOnly.uexp" 384
"../../../Engine/Content/MobileResources/HUD/MobileHUDButton1_off.uasset" 385
"../../../Engine/Content/MobileResources/HUD/MobileHUDButton1_off.uexp" 386
"../../../Engine/Content/MobileResources/HUD/MobileHUDButton1_on.uasset" 387
"../../../Engine/Content/MobileResources/HUD/MobileHUDButton1_on.uexp" 388
"../../../Engine/Content/MobileResources/HUD/MobileHUDButton2_off.uasset" 389
"../../../Engine/Content/MobileResources/HUD/MobileHUDButton2_off.uexp" 390
"../../../Engine/Content/MobileResources/HUD/MobileHUDButton2_on.uasset" 391
"../../../Engine/Content/MobileResources/HUD/MobileHUDButton2_on.uexp" 392
"../../../Engine/Content/MobileResources/HUD/MobileHUDButton3.uasset" 393
"../../../Engine/Content/MobileResources/HUD/MobileHUDButton3.uexp" 394
"../../../Engine/Content/MobileResources/HUD/MobileHUDButtonFire.uasset" 395
"../../../Engine/Content/MobileResources/HUD/MobileHUDButtonFire.uexp" 396
"../../../Engine/Content/MobileResources/HUD/MobileHUDDirectionPad.uasset" 397
"../../../Engine/Content/MobileResources/HUD/MobileHUDDirectionPad.uexp" 398
"../../../Engine/Content/MobileResources/HUD/MobileHUDDirectionPad2.uasset" 399
"../../../Engine/Content/MobileResources/HUD/MobileHUDDirectionPad2.uexp" 400
"../../../Engine/Content/MobileResources/HUD/MobileHUDDirectionPad3.uasset" 401
"../../../Engine/Content/MobileResources/HUD/MobileHUDDirectionPad3.uexp" 402
"../../../Engine/Content/MobileResources/HUD/MobileHUDDirectionStick.uasset" 403
"../../../Engine/Content/MobileResources/HUD/MobileHUDDirectionStick.uexp" 404
"../../../Engine/Content/MobileResources/HUD/T_Castle_ThumbstickInner.uasset" 405
"../../../Engine/Content/MobileResources/HUD/T_Castle_ThumbstickInner.uexp" 406
"../../../Engine/Content/MobileResources/HUD/T_Castle_ThumbstickOutter.uasset" 407
"../../../Engine/Content/MobileResources/HUD/T_Castle_ThumbstickOutter.uexp" 408
"../../../Engine/Content/Tutorial/ContentIntroCurve.uasset" 409
"../../../Engine/Content/Tutorial/ContentIntroCurve.uexp" 410
"../../../Engine/Content/VREditor/TransformGizmo/TranslucentTransformGizmoMaterial.uasset" 411
"../../../Engine/Content/VREditor/TransformGizmo/TranslucentTransformGizmoMaterial.uexp" 412
"../../../Engine/Content/VREditor/LaserPointer/VR_LaserPower_01.uasset" 413
"../../../Engine/Content/VREditor/LaserPointer/VR_LaserPower_01.uexp" 414
"../../../Engine/Content/VREditor/LaserPointer/VR_LaserPower_01.ubulk" 415
"../../../Engine/Content/VREditor/TransformGizmo/TransformGizmoMaterial.uasset" 416
"../../../Engine/Content/VREditor/TransformGizmo/TransformGizmoMaterial.uexp" 417
"../../../Engine/Content/VREditor/TransformGizmo/BoundingBoxCorner.uasset" 418
"../../../Engine/Content/VREditor/TransformGizmo/BoundingBoxCorner.uexp" 419
"../../../Engine/Content/VREditor/TransformGizmo/BoundingBoxEdge.uasset" 420
"../../../Engine/Content/VREditor/TransformGizmo/BoundingBoxEdge.uexp" 421
"../../../Engine/Content/VREditor/TransformGizmo/PlaneTranslationHandle.uasset" 422
"../../../Engine/Content/VREditor/TransformGizmo/PlaneTranslationHandle.uexp" 423
"../../../Engine/Content/VREditor/TransformGizmo/Xray.uasset" 424
"../../../Engine/Content/VREditor/TransformGizmo/Xray.uexp" 425
"../../../Engine/Content/VREditor/TransformGizmo/Main.uasset" 426
"../../../Engine/Content/VREditor/TransformGizmo/Main.uexp" 427
"../../../Engine/Content/VREditor/TransformGizmo/SM_Sequencer_Key.uasset" 428
"../../../Engine/Content/VREditor/TransformGizmo/SM_Sequencer_Key.uexp" 429
"../../../Engine/Content/VREditor/TransformGizmo/SM_Sequencer_Node.uasset" 430
"../../../Engine/Content/VREditor/TransformGizmo/SM_Sequencer_Node.uexp" 431
"../../../Engine/Plugins/2D/Paper2D/Content/PlaceholderTextures/DummySpriteTexture.uasset" 432
"../../../Engine/Plugins/2D/Paper2D/Content/PlaceholderTextures/DummySpriteTexture.uexp" 433
"../../../Engine/Plugins/2D/Paper2D/Content/PlaceholderTextures/DummySpriteTexture.ubulk" 434
"../../../Engine/Plugins/2D/Paper2D/Content/DummySprite.uasset" 435
"../../../Engine/Plugins/2D/Paper2D/Content/DummySprite.uexp" 436
"../../../Engine/Plugins/2D/Paper2D/Content/DefaultPaperTerrainMaterial.uasset" 437
"../../../Engine/Plugins/2D/Paper2D/Content/DefaultPaperTerrainMaterial.uexp" 438
"../../../Engine/Plugins/2D/Paper2D/Content/DefaultSpriteMaterial.uasset" 439
"../../../Engine/Plugins/2D/Paper2D/Content/DefaultSpriteMaterial.uexp" 440
"../../../Engine/Plugins/2D/Paper2D/Content/MaskedUnlitSpriteMaterial.uasset" 441
"../../../Engine/Plugins/2D/Paper2D/Content/MaskedUnlitSpriteMaterial.uexp" 442
"../../../Engine/Plugins/2D/Paper2D/Content/OpaqueUnlitSpriteMaterial.uasset" 443
"../../../Engine/Plugins/2D/Paper2D/Content/OpaqueUnlitSpriteMaterial.uexp" 444
"../../../Engine/Content/Functions/Engine_MaterialFunctions02/Utility/VectorLength.uasset" 445
"../../../Engine/Content/Functions/Engine_MaterialFunctions02/Utility/VectorLength.uexp" 446
"../../../Engine/Content/Functions/Engine_MaterialFunctions02/ObjectLocalBounds.uasset" 447
"../../../Engine/Content/Functions/Engine_MaterialFunctions02/ObjectLocalBounds.uexp" 448
"../../../Engine/Content/Functions/Engine_MaterialFunctions02/WorldPositionOffset/ObjectScale.uasset" 449
"../../../Engine/Content/Functions/Engine_MaterialFunctions02/WorldPositionOffset/ObjectScale.uexp" 450
"../../../Engine/Content/Functions/Engine_MaterialFunctions02/Utility/BreakOutFloat3Components.uasset" 451
"../../../Engine/Content/Functions/Engine_MaterialFunctions02/Utility/BreakOutFloat3Components.uexp" 452
"../../../Engine/Plugins/Editor/SpeedTreeImporter/Content/SpeedTree9/UnpackInteger3.uasset" 453
"../../../Engine/Plugins/Editor/SpeedTreeImporter/Content/SpeedTree9/UnpackInteger3.uexp" 454
"../../../Engine/Plugins/Editor/SpeedTreeImporter/Content/SpeedTree9/UnpackDirection.uasset" 455
"../../../Engine/Plugins/Editor/SpeedTreeImporter/Content/SpeedTree9/UnpackDirection.uexp" 456
"../../../Engine/Plugins/Editor/SpeedTreeImporter/Content/SpeedTree9/game_wind_noise.uasset" 457
"../../../Engine/Plugins/Editor/SpeedTreeImporter/Content/SpeedTree9/game_wind_noise.uexp" 458
"../../../Engine/Plugins/Editor/SpeedTreeImporter/Content/SpeedTree9/game_wind_noise.ubulk" 459
"../../../Engine/Content/Functions/Engine_MaterialFunctions02/SafeNormalize.uasset" 460
"../../../Engine/Content/Functions/Engine_MaterialFunctions02/SafeNormalize.uexp" 461
"../../../Engine/Plugins/Editor/SpeedTreeImporter/Content/SpeedTree9/SpeedTreeWindMotion.uasset" 462
"../../../Engine/Plugins/Editor/SpeedTreeImporter/Content/SpeedTree9/SpeedTreeWindMotion.uexp" 463
"../../../Engine/Plugins/Editor/SpeedTreeImporter/Content/SpeedTree9/SpeedTreeBranchMotion.uasset" 464
"../../../Engine/Plugins/Editor/SpeedTreeImporter/Content/SpeedTree9/SpeedTreeBranchMotion.uexp" 465
"../../../Engine/Content/Functions/Engine_MaterialFunctions02/UVs/BoundingBoxBased_0-1_UVW.uasset" 466
"../../../Engine/Content/Functions/Engine_MaterialFunctions02/UVs/BoundingBoxBased_0-1_UVW.uexp" 467
"../../../Engine/Plugins/Editor/SpeedTreeImporter/Content/SpeedTree9/SpeedTreeWind.uasset" 468
"../../../Engine/Plugins/Editor/SpeedTreeImporter/Content/SpeedTree9/SpeedTreeWind.uexp" 469
"../../../Engine/Plugins/Editor/SpeedTreeImporter/Content/SpeedTree9/SpeedTreeBillboard.uasset" 470
"../../../Engine/Plugins/Editor/SpeedTreeImporter/Content/SpeedTree9/SpeedTreeBillboard.uexp" 471
"../../../Engine/Plugins/Editor/SpeedTreeImporter/Content/SpeedTree9/EmptyNormal.uasset" 472
"../../../Engine/Plugins/Editor/SpeedTreeImporter/Content/SpeedTree9/EmptyNormal.uexp" 473
"../../../Engine/Plugins/Editor/SpeedTreeImporter/Content/SpeedTree9/Empty.uasset" 474
"../../../Engine/Plugins/Editor/SpeedTreeImporter/Content/SpeedTree9/Empty.uexp" 475
"../../../Engine/Plugins/Editor/SpeedTreeImporter/Content/SpeedTree9/SpeedTreeBillboardMaster.uasset" 476
"../../../Engine/Plugins/Editor/SpeedTreeImporter/Content/SpeedTree9/SpeedTreeBillboardMaster.uexp" 477
"../../../Engine/Plugins/Editor/SpeedTreeImporter/Content/SpeedTree9/SpeedTreeCameraFacing.uasset" 478
"../../../Engine/Plugins/Editor/SpeedTreeImporter/Content/SpeedTree9/SpeedTreeCameraFacing.uexp" 479
"../../../Engine/Plugins/Editor/SpeedTreeImporter/Content/SpeedTree9/SpeedTreeMaster.uasset" 480
"../../../Engine/Plugins/Editor/SpeedTreeImporter/Content/SpeedTree9/SpeedTreeMaster.uexp" 481
"../../../Engine/Plugins/Runtime/OpenXR/Content/Devices/GoogleDaydream/MRTexture.uasset" 482
"../../../Engine/Plugins/Runtime/OpenXR/Content/Devices/GoogleDaydream/MRTexture.uexp" 483
"../../../Engine/Plugins/Runtime/OpenXR/Content/Devices/GoogleDaydream/MRTexture.ubulk" 484
"../../../Engine/Plugins/Runtime/OpenXR/Content/Devices/GoogleDaydream/BaseTexture.uasset" 485
"../../../Engine/Plugins/Runtime/OpenXR/Content/Devices/GoogleDaydream/BaseTexture.uexp" 486
"../../../Engine/Plugins/Runtime/OpenXR/Content/Devices/GoogleDaydream/BaseTexture.ubulk" 487
"../../../Engine/Content/EngineResources/Black.uasset" 488
"../../../Engine/Content/EngineResources/Black.uexp" 489
"../../../Engine/Plugins/Runtime/OpenXR/Content/Devices/M_XRController.uasset" 490
"../../../Engine/Plugins/Runtime/OpenXR/Content/Devices/M_XRController.uexp" 491
"../../../Engine/Plugins/Runtime/OpenXR/Content/Devices/GoogleDaydream/MI_GoogleDaydream.uasset" 492
"../../../Engine/Plugins/Runtime/OpenXR/Content/Devices/GoogleDaydream/MI_GoogleDaydream.uexp" 493
"../../../Engine/Plugins/Runtime/OpenXR/Content/Devices/GoogleDaydream/GoogleDaydreamController.uasset" 494
"../../../Engine/Plugins/Runtime/OpenXR/Content/Devices/GoogleDaydream/GoogleDaydreamController.uexp" 495
"../../../Engine/Plugins/Runtime/OpenXR/Content/Devices/HTCVive/BaseTexture.uasset" 496
"../../../Engine/Plugins/Runtime/OpenXR/Content/Devices/HTCVive/BaseTexture.uexp" 497
"../../../Engine/Plugins/Runtime/OpenXR/Content/Devices/HTCVive/BaseTexture.ubulk" 498
"../../../Engine/Plugins/Runtime/OpenXR/Content/Devices/HTCVive/MI_HTCVive.uasset" 499
"../../../Engine/Plugins/Runtime/OpenXR/Content/Devices/HTCVive/MI_HTCVive.uexp" 500
"../../../Engine/Plugins/Runtime/OpenXR/Content/Devices/HTCVive/HTCViveController.uasset" 501
"../../../Engine/Plugins/Runtime/OpenXR/Content/Devices/HTCVive/HTCViveController.uexp" 502
"../../../Engine/Plugins/Runtime/OpenXR/Content/Devices/MicrosoftMixedReality/NormalTexture.uasset" 503
"../../../Engine/Plugins/Runtime/OpenXR/Content/Devices/MicrosoftMixedReality/NormalTexture.uexp" 504
"../../../Engine/Plugins/Runtime/OpenXR/Content/Devices/MicrosoftMixedReality/NormalTexture.ubulk" 505
"../../../Engine/Plugins/Runtime/OpenXR/Content/Devices/MicrosoftMixedReality/MRTexture.uasset" 506
"../../../Engine/Plugins/Runtime/OpenXR/Content/Devices/MicrosoftMixedReality/MRTexture.uexp" 507
"../../../Engine/Plugins/Runtime/OpenXR/Content/Devices/MicrosoftMixedReality/MRTexture.ubulk" 508
"../../../Engine/Plugins/Runtime/OpenXR/Content/Devices/MicrosoftMixedReality/EmissiveTexture.uasset" 509
"../../../Engine/Plugins/Runtime/OpenXR/Content/Devices/MicrosoftMixedReality/EmissiveTexture.uexp" 510
"../../../Engine/Plugins/Runtime/OpenXR/Content/Devices/MicrosoftMixedReality/EmissiveTexture.ubulk" 511
"../../../Engine/Plugins/Runtime/OpenXR/Content/Devices/MicrosoftMixedReality/BaseTexture.uasset" 512
"../../../Engine/Plugins/Runtime/OpenXR/Content/Devices/MicrosoftMixedReality/BaseTexture.uexp" 513
"../../../Engine/Plugins/Runtime/OpenXR/Content/Devices/MicrosoftMixedReality/BaseTexture.ubulk" 514
"../../../Engine/Plugins/Runtime/OpenXR/Content/Devices/MicrosoftMixedReality/MI_MicrosoftMixedReality.uasset" 515
"../../../Engine/Plugins/Runtime/OpenXR/Content/Devices/MicrosoftMixedReality/MI_MicrosoftMixedReality.uexp" 516
"../../../Engine/Plugins/Runtime/OpenXR/Content/Devices/MicrosoftMixedReality/Left/left_MicrosoftMixedRealityController.uasset" 517
"../../../Engine/Plugins/Runtime/OpenXR/Content/Devices/MicrosoftMixedReality/Left/left_MicrosoftMixedRealityController.uexp" 518
"../../../Engine/Plugins/Runtime/OpenXR/Content/Devices/MicrosoftMixedReality/Right/right_MicrosoftMixedRealityController.uasset" 519
"../../../Engine/Plugins/Runtime/OpenXR/Content/Devices/MicrosoftMixedReality/Right/right_MicrosoftMixedRealityController.uexp" 520
"../../../Engine/Plugins/Runtime/OpenXR/Content/Devices/OculusGo/BaseTexture.uasset" 521
"../../../Engine/Plugins/Runtime/OpenXR/Content/Devices/OculusGo/BaseTexture.uexp" 522
"../../../Engine/Plugins/Runtime/OpenXR/Content/Devices/OculusGo/BaseTexture.ubulk" 523
"../../../Engine/Plugins/Runtime/OpenXR/Content/Devices/OculusGo/MI_OculusGo.uasset" 524
"../../../Engine/Plugins/Runtime/OpenXR/Content/Devices/OculusGo/MI_OculusGo.uexp" 525
"../../../Engine/Plugins/Runtime/OpenXR/Content/Devices/OculusGo/OculusGoController.uasset" 526
"../../../Engine/Plugins/Runtime/OpenXR/Content/Devices/OculusGo/OculusGoController.uexp" 527
"../../../Engine/Plugins/Runtime/OpenXR/Content/Devices/OculusTouch/MRTexture.uasset" 528
"../../../Engine/Plugins/Runtime/OpenXR/Content/Devices/OculusTouch/MRTexture.uexp" 529
"../../../Engine/Plugins/Runtime/OpenXR/Content/Devices/OculusTouch/MRTexture.ubulk" 530
"../../../Engine/Plugins/Runtime/OpenXR/Content/Devices/OculusTouch/BaseTexture.uasset" 531
"../../../Engine/Plugins/Runtime/OpenXR/Content/Devices/OculusTouch/BaseTexture.uexp" 532
"../../../Engine/Plugins/Runtime/OpenXR/Content/Devices/OculusTouch/BaseTexture.ubulk" 533
"../../../Engine/Plugins/Runtime/OpenXR/Content/Devices/OculusTouch/MI_OculusTouch.uasset" 534
"../../../Engine/Plugins/Runtime/OpenXR/Content/Devices/OculusTouch/MI_OculusTouch.uexp" 535
"../../../Engine/Plugins/Runtime/OpenXR/Content/Devices/OculusTouch/Left/left_OculusTouchController.uasset" 536
"../../../Engine/Plugins/Runtime/OpenXR/Content/Devices/OculusTouch/Left/left_OculusTouchController.uexp" 537
"../../../Engine/Plugins/Runtime/OpenXR/Content/Devices/OculusTouch/Right/right_OculusTouchController.uasset" 538
"../../../Engine/Plugins/Runtime/OpenXR/Content/Devices/OculusTouch/Right/right_OculusTouchController.uexp" 539
"../../../Engine/Plugins/Runtime/OpenXR/Content/Devices/OculusTouch_v2/MRTexture.uasset" 540
"../../../Engine/Plugins/Runtime/OpenXR/Content/Devices/OculusTouch_v2/MRTexture.uexp" 541
"../../../Engine/Plugins/Runtime/OpenXR/Content/Devices/OculusTouch_v2/MRTexture.ubulk" 542
"../../../Engine/Plugins/Runtime/OpenXR/Content/Devices/OculusTouch_v2/BaseTexture.uasset" 543
"../../../Engine/Plugins/Runtime/OpenXR/Content/Devices/OculusTouch_v2/BaseTexture.uexp" 544
"../../../Engine/Plugins/Runtime/OpenXR/Content/Devices/OculusTouch_v2/BaseTexture.ubulk" 545
"../../../Engine/Plugins/Runtime/OpenXR/Content/Devices/OculusTouch_v2/MI_OculusTouch_v2.uasset" 546
"../../../Engine/Plugins/Runtime/OpenXR/Content/Devices/OculusTouch_v2/MI_OculusTouch_v2.uexp" 547
"../../../Engine/Plugins/Runtime/OpenXR/Content/Devices/OculusTouch_v2/Left/left_OculusTouch_v2Controller.uasset" 548
"../../../Engine/Plugins/Runtime/OpenXR/Content/Devices/OculusTouch_v2/Left/left_OculusTouch_v2Controller.uexp" 549
"../../../Engine/Plugins/Runtime/OpenXR/Content/Devices/OculusTouch_v2/Right/right_OculusTouch_v2Controller.uasset" 550
"../../../Engine/Plugins/Runtime/OpenXR/Content/Devices/OculusTouch_v2/Right/right_OculusTouch_v2Controller.uexp" 551
"../../../Engine/Plugins/Runtime/OpenXR/Content/Devices/OculusTouch_v3/MRTexture.uasset" 552
"../../../Engine/Plugins/Runtime/OpenXR/Content/Devices/OculusTouch_v3/MRTexture.uexp" 553
"../../../Engine/Plugins/Runtime/OpenXR/Content/Devices/OculusTouch_v3/MRTexture.ubulk" 554
"../../../Engine/Plugins/Runtime/OpenXR/Content/Devices/OculusTouch_v3/BaseTexture.uasset" 555
"../../../Engine/Plugins/Runtime/OpenXR/Content/Devices/OculusTouch_v3/BaseTexture.uexp" 556
"../../../Engine/Plugins/Runtime/OpenXR/Content/Devices/OculusTouch_v3/BaseTexture.ubulk" 557
"../../../Engine/Plugins/Runtime/OpenXR/Content/Devices/OculusTouch_v3/MI_OculusTouch_v3.uasset" 558
"../../../Engine/Plugins/Runtime/OpenXR/Content/Devices/OculusTouch_v3/MI_OculusTouch_v3.uexp" 559
"../../../Engine/Plugins/Runtime/OpenXR/Content/Devices/OculusTouch_v3/Left/left_OculusTouch_v3Controller.uasset" 560
"../../../Engine/Plugins/Runtime/OpenXR/Content/Devices/OculusTouch_v3/Left/left_OculusTouch_v3Controller.uexp" 561
"../../../Engine/Plugins/Runtime/OpenXR/Content/Devices/OculusTouch_v3/Right/right_OculusTouch_v3Controller.uasset" 562
"../../../Engine/Plugins/Runtime/OpenXR/Content/Devices/OculusTouch_v3/Right/right_OculusTouch_v3Controller.uexp" 563
"../../../Engine/Plugins/Runtime/OpenXR/Content/Devices/ValveIndex/MRTexture.uasset" 564
"../../../Engine/Plugins/Runtime/OpenXR/Content/Devices/ValveIndex/MRTexture.uexp" 565
"../../../Engine/Plugins/Runtime/OpenXR/Content/Devices/ValveIndex/MRTexture.ubulk" 566
"../../../Engine/Plugins/Runtime/OpenXR/Content/Devices/ValveIndex/BaseTexture.uasset" 567
"../../../Engine/Plugins/Runtime/OpenXR/Content/Devices/ValveIndex/BaseTexture.uexp" 568
"../../../Engine/Plugins/Runtime/OpenXR/Content/Devices/ValveIndex/BaseTexture.ubulk" 569
"../../../Engine/Plugins/Runtime/OpenXR/Content/Devices/ValveIndex/Left/MI_left_ValveIndex.uasset" 570
"../../../Engine/Plugins/Runtime/OpenXR/Content/Devices/ValveIndex/Left/MI_left_ValveIndex.uexp" 571
"../../../Engine/Plugins/Runtime/OpenXR/Content/Devices/ValveIndex/Left/left_ValveIndexController.uasset" 572
"../../../Engine/Plugins/Runtime/OpenXR/Content/Devices/ValveIndex/Left/left_ValveIndexController.uexp" 573
"../../../Engine/Plugins/Runtime/OpenXR/Content/Devices/ValveIndex/Right/MI_right_ValveIndex.uasset" 574
"../../../Engine/Plugins/Runtime/OpenXR/Content/Devices/ValveIndex/Right/MI_right_ValveIndex.uexp" 575
"../../../Engine/Plugins/Runtime/OpenXR/Content/Devices/ValveIndex/Right/right_ValveIndexController.uasset" 576
"../../../Engine/Plugins/Runtime/OpenXR/Content/Devices/ValveIndex/Right/right_ValveIndexController.uexp" 577
"../../../Engine/Content/BasicShapes/Cylinder.uasset" 578
"../../../Engine/Content/BasicShapes/Cylinder.uexp" 579
"../../../Engine/Content/ArtTools/RenderToTexture/Materials/Debug/M_Emissive_Color.uasset" 580
"../../../Engine/Content/ArtTools/RenderToTexture/Materials/Debug/M_Emissive_Color.uexp" 581
"../../../Engine/Content/Functions/Engine_MaterialFunctions02/Utility/BreakOutFloat4Components.uasset" 582
"../../../Engine/Content/Functions/Engine_MaterialFunctions02/Utility/BreakOutFloat4Components.uexp" 583
"../../../Engine/Content/Functions/Engine_MaterialFunctions02/Utility/MakeFloat3.uasset" 584
"../../../Engine/Content/Functions/Engine_MaterialFunctions02/Utility/MakeFloat3.uexp" 585
"../../../Engine/Plugins/Runtime/Oculus/OculusVR/Content/Materials/OculusMR_ChromaKey.uasset" 586
"../../../Engine/Plugins/Runtime/Oculus/OculusVR/Content/Materials/OculusMR_ChromaKey.uexp" 587
"../../../Engine/Plugins/Runtime/Oculus/OculusVR/Content/Materials/OculusMR_OpaqueColoredMaterial.uasset" 588
"../../../Engine/Plugins/Runtime/Oculus/OculusVR/Content/Materials/OculusMR_OpaqueColoredMaterial.uexp" 589
"../../../Engine/Plugins/Runtime/Oculus/OculusVR/Content/Materials/PokeAHoleMaterial.uasset" 590
"../../../Engine/Plugins/Runtime/Oculus/OculusVR/Content/Materials/PokeAHoleMaterial.uexp" 591
"../../../Engine/Plugins/Runtime/Oculus/OculusVR/Content/Textures/touchController_controlmap.uasset" 592
"../../../Engine/Plugins/Runtime/Oculus/OculusVR/Content/Textures/touchController_controlmap.uexp" 593
"../../../Engine/Plugins/Runtime/Oculus/OculusVR/Content/Textures/touchController_controlmap.ubulk" 594
"../../../Engine/Plugins/Runtime/Oculus/OculusVR/Content/Textures/touchController_albedo.uasset" 595
"../../../Engine/Plugins/Runtime/Oculus/OculusVR/Content/Textures/touchController_albedo.uexp" 596
"../../../Engine/Plugins/Runtime/Oculus/OculusVR/Content/Textures/touchController_albedo.ubulk" 597
"../../../Engine/Plugins/Runtime/Oculus/OculusVR/Content/Materials/touchController_mat.uasset" 598
"../../../Engine/Plugins/Runtime/Oculus/OculusVR/Content/Materials/touchController_mat.uexp" 599
"../../../Engine/Plugins/Runtime/Oculus/OculusVR/Content/Meshes/LeftTouchController.uasset" 600
"../../../Engine/Plugins/Runtime/Oculus/OculusVR/Content/Meshes/LeftTouchController.uexp" 601
"../../../Engine/Plugins/Runtime/Oculus/OculusVR/Content/Textures/TouchForQuestRiftSController_albedo.uasset" 602
"../../../Engine/Plugins/Runtime/Oculus/OculusVR/Content/Textures/TouchForQuestRiftSController_albedo.uexp" 603
"../../../Engine/Plugins/Runtime/Oculus/OculusVR/Content/Textures/TouchForQuestRiftSController_albedo.ubulk" 604
"../../../Engine/Plugins/Runtime/Oculus/OculusVR/Content/Materials/TouchForQuestRiftSControllerMaterial.uasset" 605
"../../../Engine/Plugins/Runtime/Oculus/OculusVR/Content/Materials/TouchForQuestRiftSControllerMaterial.uexp" 606
"../../../Engine/Plugins/Runtime/Oculus/OculusVR/Content/Meshes/LeftTouchForQuestRiftSController.uasset" 607
"../../../Engine/Plugins/Runtime/Oculus/OculusVR/Content/Meshes/LeftTouchForQuestRiftSController.uexp" 608
"../../../Engine/Plugins/Runtime/Oculus/OculusVR/Content/Meshes/RiftHMD.uasset" 609
"../../../Engine/Plugins/Runtime/Oculus/OculusVR/Content/Meshes/RiftHMD.uexp" 610
"../../../Engine/Plugins/Runtime/Oculus/OculusVR/Content/Meshes/RightTouchController.uasset" 611
"../../../Engine/Plugins/Runtime/Oculus/OculusVR/Content/Meshes/RightTouchController.uexp" 612
"../../../Engine/Plugins/Runtime/Oculus/OculusVR/Content/Meshes/RightTouchForQuestRiftSController.uasset" 613
"../../../Engine/Plugins/Runtime/Oculus/OculusVR/Content/Meshes/RightTouchForQuestRiftSController.uexp" 614
"../../../Engine/Content/EditorMeshes/ColorCalibrator/M_GreyBall.uasset" 615
"../../../Engine/Content/EditorMeshes/ColorCalibrator/M_GreyBall.uexp" 616
"../../../Engine/Content/EditorMeshes/ColorCalibrator/Color_checker.uasset" 617
"../../../Engine/Content/EditorMeshes/ColorCalibrator/Color_checker.uexp" 618
"../../../Engine/Content/EditorMeshes/ColorCalibrator/Color_checker.ubulk" 619
"../../../Engine/Content/EditorMeshes/ColorCalibrator/M_ColorGrid.uasset" 620
"../../../Engine/Content/EditorMeshes/ColorCalibrator/M_ColorGrid.uexp" 621
"../../../Engine/Content/EditorMeshes/ColorCalibrator/M_ClearCoatBlack.uasset" 622
"../../../Engine/Content/EditorMeshes/ColorCalibrator/M_ClearCoatBlack.uexp" 623
"../../../Engine/Content/EditorMeshes/ColorCalibrator/M_ClearCoat.uasset" 624
"../../../Engine/Content/EditorMeshes/ColorCalibrator/M_ClearCoat.uexp" 625
"../../../Engine/Content/EditorMeshes/ColorCalibrator/M_ChromeBall.uasset" 626
"../../../Engine/Content/EditorMeshes/ColorCalibrator/M_ChromeBall.uexp" 627
"../../../Engine/Content/EditorMeshes/ColorCalibrator/SM_ColorCalibrator.uasset" 628
"../../../Engine/Content/EditorMeshes/ColorCalibrator/SM_ColorCalibrator.uexp" 629
"C:/Users/Doge/Desktop/Nueva carpeta/proyecto-profesional-videojuego-3d/4.27/MyProject/Content/StarterContent/Maps/Advanced_Lighting_BuiltData.uasset" 630
"C:/Users/Doge/Desktop/Nueva carpeta/proyecto-profesional-videojuego-3d/4.27/MyProject/Content/StarterContent/Maps/Advanced_Lighting_BuiltData.uexp" 631
"C:/Users/Doge/Desktop/Nueva carpeta/proyecto-profesional-videojuego-3d/4.27/MyProject/Content/StarterContent/Maps/Advanced_Lighting_BuiltData.ubulk" 632
"C:/Users/Doge/Desktop/Nueva carpeta/proyecto-profesional-videojuego-3d/4.27/MyProject/Content/StarterContent/HDRI/HDRI_Epic_Courtyard_Daylight.uasset" 633
"C:/Users/Doge/Desktop/Nueva carpeta/proyecto-profesional-videojuego-3d/4.27/MyProject/Content/StarterContent/HDRI/HDRI_Epic_Courtyard_Daylight.uexp" 634
"../../../Engine/Content/MapTemplates/Sky/DaylightAmbientCubemap.uasset" 635
"../../../Engine/Content/MapTemplates/Sky/DaylightAmbientCubemap.uexp" 636
"C:/Users/Doge/Desktop/Nueva carpeta/proyecto-profesional-videojuego-3d/4.27/MyProject/Content/StarterContent/Blueprints/Assets/M_LightStage_Skybox_Master.uasset" 637
"C:/Users/Doge/Desktop/Nueva carpeta/proyecto-profesional-videojuego-3d/4.27/MyProject/Content/StarterContent/Blueprints/Assets/M_LightStage_Skybox_Master.uexp" 638
"C:/Users/Doge/Desktop/Nueva carpeta/proyecto-profesional-videojuego-3d/4.27/MyProject/Content/StarterContent/Blueprints/Assets/M_LightStage_Skybox_HDRI.uasset" 639
"C:/Users/Doge/Desktop/Nueva carpeta/proyecto-profesional-videojuego-3d/4.27/MyProject/Content/StarterContent/Blueprints/Assets/M_LightStage_Skybox_HDRI.uexp" 640
"C:/Users/Doge/Desktop/Nueva carpeta/proyecto-profesional-videojuego-3d/4.27/MyProject/Content/StarterContent/Blueprints/Assets/M_LightStage_Arrows.uasset" 641
"C:/Users/Doge/Desktop/Nueva carpeta/proyecto-profesional-videojuego-3d/4.27/MyProject/Content/StarterContent/Blueprints/Assets/M_LightStage_Arrows.uexp" 642
"C:/Users/Doge/Desktop/Nueva carpeta/proyecto-profesional-videojuego-3d/4.27/MyProject/Content/StarterContent/Blueprints/Assets/SM_Arrows.uasset" 643
"C:/Users/Doge/Desktop/Nueva carpeta/proyecto-profesional-videojuego-3d/4.27/MyProject/Content/StarterContent/Blueprints/Assets/SM_Arrows.uexp" 644
"../../../Engine/Content/EditorMaterials/Thumbnails/SkySphereMaterial.uasset" 645
"../../../Engine/Content/EditorMaterials/Thumbnails/SkySphereMaterial.uexp" 646
"C:/Users/Doge/Desktop/Nueva carpeta/proyecto-profesional-videojuego-3d/4.27/MyProject/Content/StarterContent/Blueprints/Assets/Skybox.uasset" 647
"C:/Users/Doge/Desktop/Nueva carpeta/proyecto-profesional-videojuego-3d/4.27/MyProject/Content/StarterContent/Blueprints/Assets/Skybox.uexp" 648
"C:/Users/Doge/Desktop/Nueva carpeta/proyecto-profesional-videojuego-3d/4.27/MyProject/Content/StarterContent/Blueprints/Assets/M_LightStage_Skybox_Black.uasset" 649
"C:/Users/Doge/Desktop/Nueva carpeta/proyecto-profesional-videojuego-3d/4.27/MyProject/Content/StarterContent/Blueprints/Assets/M_LightStage_Skybox_Black.uexp" 650
"C:/Users/Doge/Desktop/Nueva carpeta/proyecto-profesional-videojuego-3d/4.27/MyProject/Content/StarterContent/Blueprints/Assets/SunlightColorLUT.uasset" 651
"C:/Users/Doge/Desktop/Nueva carpeta/proyecto-profesional-videojuego-3d/4.27/MyProject/Content/StarterContent/Blueprints/Assets/SunlightColorLUT.uexp" 652
"C:/Users/Doge/Desktop/Nueva carpeta/proyecto-profesional-videojuego-3d/4.27/MyProject/Content/StarterContent/Blueprints/Assets/FogBrightnessLUT.uasset" 653
"C:/Users/Doge/Desktop/Nueva carpeta/proyecto-profesional-videojuego-3d/4.27/MyProject/Content/StarterContent/Blueprints/Assets/FogBrightnessLUT.uexp" 654
"C:/Users/Doge/Desktop/Nueva carpeta/proyecto-profesional-videojuego-3d/4.27/MyProject/Content/StarterContent/Blueprints/BP_LightStudio.uasset" 655
"C:/Users/Doge/Desktop/Nueva carpeta/proyecto-profesional-videojuego-3d/4.27/MyProject/Content/StarterContent/Blueprints/BP_LightStudio.uexp" 656
"C:/Users/Doge/Desktop/Nueva carpeta/proyecto-profesional-videojuego-3d/4.27/MyProject/Content/StarterContent/Materials/M_AssetPlatform.uasset" 657
"C:/Users/Doge/Desktop/Nueva carpeta/proyecto-profesional-videojuego-3d/4.27/MyProject/Content/StarterContent/Materials/M_AssetPlatform.uexp" 658
"C:/Users/Doge/Desktop/Nueva carpeta/proyecto-profesional-videojuego-3d/4.27/MyProject/Content/StarterContent/Architecture/SM_AssetPlatform.uasset" 659
"C:/Users/Doge/Desktop/Nueva carpeta/proyecto-profesional-videojuego-3d/4.27/MyProject/Content/StarterContent/Architecture/SM_AssetPlatform.uexp" 660
"C:/Users/Doge/Desktop/Nueva carpeta/proyecto-profesional-videojuego-3d/4.27/MyProject/Content/StarterContent/Maps/Advanced_Lighting.uexp" 661
"C:/Users/Doge/Desktop/Nueva carpeta/proyecto-profesional-videojuego-3d/4.27/MyProject/Content/StarterContent/Maps/Advanced_Lighting.umap" 662
"../../../Engine/Content/MapTemplates/SM_Template_Map_Floor.uasset" 663
"../../../Engine/Content/MapTemplates/SM_Template_Map_Floor.uexp" 664
"../../../Engine/Content/EngineSky/T_Sky_Stars.uasset" 665
"../../../Engine/Content/EngineSky/T_Sky_Stars.uexp" 666
"../../../Engine/Content/EngineSky/T_Sky_Stars.ubulk" 667
"../../../Engine/Content/EngineSky/T_Sky_Clouds_M.uasset" 668
"../../../Engine/Content/EngineSky/T_Sky_Clouds_M.uexp" 669
"../../../Engine/Content/EngineSky/T_Sky_Clouds_M.ubulk" 670
"../../../Engine/Content/EngineSky/T_Sky_Blue.uasset" 671
"../../../Engine/Content/EngineSky/T_Sky_Blue.uexp" 672
"../../../Engine/Content/EngineSky/T_Sky_Blue.ubulk" 673
"../../../Engine/Content/EngineSky/M_Sky_Panning_Clouds2.uasset" 674
"../../../Engine/Content/EngineSky/M_Sky_Panning_Clouds2.uexp" 675
"C:/Users/Doge/Desktop/Nueva carpeta/proyecto-profesional-videojuego-3d/4.27/MyProject/Content/StarterContent/Maps/MapaMenu_BuiltData.uasset" 676
"C:/Users/Doge/Desktop/Nueva carpeta/proyecto-profesional-videojuego-3d/4.27/MyProject/Content/StarterContent/Maps/MapaMenu_BuiltData.uexp" 677
"C:/Users/Doge/Desktop/Nueva carpeta/proyecto-profesional-videojuego-3d/4.27/MyProject/Content/StarterContent/Maps/MapaMenu_BuiltData.ubulk" 678
"../../../Engine/Content/EngineSky/SM_SkySphere.uasset" 679
"../../../Engine/Content/EngineSky/SM_SkySphere.uexp" 680
"../../../Engine/Content/EngineSky/C_Sky_Zenith_Color.uasset" 681
"../../../Engine/Content/EngineSky/C_Sky_Zenith_Color.uexp" 682
"../../../Engine/Content/EngineSky/C_Sky_Horizon_Color.uasset" 683
"../../../Engine/Content/EngineSky/C_Sky_Horizon_Color.uexp" 684
"../../../Engine/Content/EngineSky/C_Sky_Cloud_Color.uasset" 685
"../../../Engine/Content/EngineSky/C_Sky_Cloud_Color.uexp" 686
"../../../Engine/Content/EngineSky/BP_Sky_Sphere.uasset" 687
"../../../Engine/Content/EngineSky/BP_Sky_Sphere.uexp" 688
"C:/Users/Doge/Desktop/Nueva carpeta/proyecto-profesional-videojuego-3d/4.27/MyProject/Content/StarterContent/Blueprints/WBP_MenuPrincipal.uasset" 689
"C:/Users/Doge/Desktop/Nueva carpeta/proyecto-profesional-videojuego-3d/4.27/MyProject/Content/StarterContent/Blueprints/WBP_MenuPrincipal.uexp" 690
"C:/Users/Doge/Desktop/Nueva carpeta/proyecto-profesional-videojuego-3d/4.27/MyProject/Content/StarterContent/Maps/MapaMenu.uexp" 691
"C:/Users/Doge/Desktop/Nueva carpeta/proyecto-profesional-videojuego-3d/4.27/MyProject/Content/StarterContent/Maps/MapaMenu.umap" 692
"C:/Users/Doge/Desktop/Nueva carpeta/proyecto-profesional-videojuego-3d/4.27/MyProject/Content/StarterContent/Textures/T_TableRound_N.uasset" 693
"C:/Users/Doge/Desktop/Nueva carpeta/proyecto-profesional-videojuego-3d/4.27/MyProject/Content/StarterContent/Textures/T_TableRound_N.uexp" 694
"C:/Users/Doge/Desktop/Nueva carpeta/proyecto-profesional-videojuego-3d/4.27/MyProject/Content/StarterContent/Textures/T_TableRound_N.ubulk" 695
"C:/Users/Doge/Desktop/Nueva carpeta/proyecto-profesional-videojuego-3d/4.27/MyProject/Content/StarterContent/Textures/T_TableRound_M.uasset" 696
"C:/Users/Doge/Desktop/Nueva carpeta/proyecto-profesional-videojuego-3d/4.27/MyProject/Content/StarterContent/Textures/T_TableRound_M.uexp" 697
"C:/Users/Doge/Desktop/Nueva carpeta/proyecto-profesional-videojuego-3d/4.27/MyProject/Content/StarterContent/Textures/T_TableRound_M.ubulk" 698
"C:/Users/Doge/Desktop/Nueva carpeta/proyecto-profesional-videojuego-3d/4.27/MyProject/Content/StarterContent/Props/Materials/M_TableRound.uasset" 699
"C:/Users/Doge/Desktop/Nueva carpeta/proyecto-profesional-videojuego-3d/4.27/MyProject/Content/StarterContent/Props/Materials/M_TableRound.uexp" 700
"C:/Users/Doge/Desktop/Nueva carpeta/proyecto-profesional-videojuego-3d/4.27/MyProject/Content/StarterContent/Props/SM_TableRound.uasset" 701
"C:/Users/Doge/Desktop/Nueva carpeta/proyecto-profesional-videojuego-3d/4.27/MyProject/Content/StarterContent/Props/SM_TableRound.uexp" 702
"C:/Users/Doge/Desktop/Nueva carpeta/proyecto-profesional-videojuego-3d/4.27/MyProject/Content/StarterContent/Textures/T_Statue_M.uasset" 703
"C:/Users/Doge/Desktop/Nueva carpeta/proyecto-profesional-videojuego-3d/4.27/MyProject/Content/StarterContent/Textures/T_Statue_M.uexp" 704
"C:/Users/Doge/Desktop/Nueva carpeta/proyecto-profesional-videojuego-3d/4.27/MyProject/Content/StarterContent/Textures/T_Statue_M.ubulk" 705
"C:/Users/Doge/Desktop/Nueva carpeta/proyecto-profesional-videojuego-3d/4.27/MyProject/Content/StarterContent/Textures/T_Statue_N.uasset" 706
"C:/Users/Doge/Desktop/Nueva carpeta/proyecto-profesional-videojuego-3d/4.27/MyProject/Content/StarterContent/Textures/T_Statue_N.uexp" 707
"C:/Users/Doge/Desktop/Nueva carpeta/proyecto-profesional-videojuego-3d/4.27/MyProject/Content/StarterContent/Textures/T_Statue_N.ubulk" 708
"C:/Users/Doge/Desktop/Nueva carpeta/proyecto-profesional-videojuego-3d/4.27/MyProject/Content/StarterContent/Props/Materials/M_Statue.uasset" 709
"C:/Users/Doge/Desktop/Nueva carpeta/proyecto-profesional-videojuego-3d/4.27/MyProject/Content/StarterContent/Props/Materials/M_Statue.uexp" 710
"C:/Users/Doge/Desktop/Nueva carpeta/proyecto-profesional-videojuego-3d/4.27/MyProject/Content/StarterContent/Props/Materials/M_StatueGlass.uasset" 711
"C:/Users/Doge/Desktop/Nueva carpeta/proyecto-profesional-videojuego-3d/4.27/MyProject/Content/StarterContent/Props/Materials/M_StatueGlass.uexp" 712
"C:/Users/Doge/Desktop/Nueva carpeta/proyecto-profesional-videojuego-3d/4.27/MyProject/Content/StarterContent/Props/SM_Statue.uasset" 713
"C:/Users/Doge/Desktop/Nueva carpeta/proyecto-profesional-videojuego-3d/4.27/MyProject/Content/StarterContent/Props/SM_Statue.uexp" 714
"C:/Users/Doge/Desktop/Nueva carpeta/proyecto-profesional-videojuego-3d/4.27/MyProject/Content/StarterContent/Textures/T_Chair_N.uasset" 715
"C:/Users/Doge/Desktop/Nueva carpeta/proyecto-profesional-videojuego-3d/4.27/MyProject/Content/StarterContent/Textures/T_Chair_N.uexp" 716
"C:/Users/Doge/Desktop/Nueva carpeta/proyecto-profesional-videojuego-3d/4.27/MyProject/Content/StarterContent/Textures/T_Chair_N.ubulk" 717
"C:/Users/Doge/Desktop/Nueva carpeta/proyecto-profesional-videojuego-3d/4.27/MyProject/Content/StarterContent/Textures/T_Chair_M.uasset" 718
"C:/Users/Doge/Desktop/Nueva carpeta/proyecto-profesional-videojuego-3d/4.27/MyProject/Content/StarterContent/Textures/T_Chair_M.uexp" 719
"C:/Users/Doge/Desktop/Nueva carpeta/proyecto-profesional-videojuego-3d/4.27/MyProject/Content/StarterContent/Textures/T_Chair_M.ubulk" 720
"C:/Users/Doge/Desktop/Nueva carpeta/proyecto-profesional-videojuego-3d/4.27/MyProject/Content/StarterContent/Props/Materials/M_Chair.uasset" 721
"C:/Users/Doge/Desktop/Nueva carpeta/proyecto-profesional-videojuego-3d/4.27/MyProject/Content/StarterContent/Props/Materials/M_Chair.uexp" 722
"C:/Users/Doge/Desktop/Nueva carpeta/proyecto-profesional-videojuego-3d/4.27/MyProject/Content/StarterContent/Props/SM_Chair.uasset" 723
"C:/Users/Doge/Desktop/Nueva carpeta/proyecto-profesional-videojuego-3d/4.27/MyProject/Content/StarterContent/Props/SM_Chair.uexp" 724
"C:/Users/Doge/Desktop/Nueva carpeta/proyecto-profesional-videojuego-3d/4.27/MyProject/Content/StarterContent/Textures/T_Metal_Copper_D.uasset" 725
"C:/Users/Doge/Desktop/Nueva carpeta/proyecto-profesional-videojuego-3d/4.27/MyProject/Content/StarterContent/Textures/T_Metal_Copper_D.uexp" 726
"C:/Users/Doge/Desktop/Nueva carpeta/proyecto-profesional-videojuego-3d/4.27/MyProject/Content/StarterContent/Textures/T_Metal_Copper_D.ubulk" 727
"C:/Users/Doge/Desktop/Nueva carpeta/proyecto-profesional-videojuego-3d/4.27/MyProject/Content/StarterContent/Textures/T_Metal_Gold_N.uasset" 728
"C:/Users/Doge/Desktop/Nueva carpeta/proyecto-profesional-videojuego-3d/4.27/MyProject/Content/StarterContent/Textures/T_Metal_Gold_N.uexp" 729
"C:/Users/Doge/Desktop/Nueva carpeta/proyecto-profesional-videojuego-3d/4.27/MyProject/Content/StarterContent/Textures/T_Metal_Gold_N.ubulk" 730
"C:/Users/Doge/Desktop/Nueva carpeta/proyecto-profesional-videojuego-3d/4.27/MyProject/Content/StarterContent/Textures/T_MacroVariation.uasset" 731
"C:/Users/Doge/Desktop/Nueva carpeta/proyecto-profesional-videojuego-3d/4.27/MyProject/Content/StarterContent/Textures/T_MacroVariation.uexp" 732
"C:/Users/Doge/Desktop/Nueva carpeta/proyecto-profesional-videojuego-3d/4.27/MyProject/Content/StarterContent/Materials/M_Metal_Copper.uasset" 733
"C:/Users/Doge/Desktop/Nueva carpeta/proyecto-profesional-videojuego-3d/4.27/MyProject/Content/StarterContent/Materials/M_Metal_Copper.uexp" 734
"C:/Users/Doge/Desktop/Nueva carpeta/proyecto-profesional-videojuego-3d/4.27/MyProject/Content/StarterContent/Materials/M_Metal_Brushed_Nickel.uasset" 735
"C:/Users/Doge/Desktop/Nueva carpeta/proyecto-profesional-videojuego-3d/4.27/MyProject/Content/StarterContent/Materials/M_Metal_Brushed_Nickel.uexp" 736
"C:/Users/Doge/Desktop/Nueva carpeta/proyecto-profesional-videojuego-3d/4.27/MyProject/Content/StarterContent/Maps/Minimal_Default_BuiltData.uasset" 737
"C:/Users/Doge/Desktop/Nueva carpeta/proyecto-profesional-videojuego-3d/4.27/MyProject/Content/StarterContent/Maps/Minimal_Default_BuiltData.uexp" 738
"C:/Users/Doge/Desktop/Nueva carpeta/proyecto-profesional-videojuego-3d/4.27/MyProject/Content/StarterContent/Maps/Minimal_Default_BuiltData.ubulk" 739
"C:/Users/Doge/Desktop/Nueva carpeta/proyecto-profesional-videojuego-3d/4.27/MyProject/Content/StarterContent/Textures/T_Metal_Aluminum_D.uasset" 740
"C:/Users/Doge/Desktop/Nueva carpeta/proyecto-profesional-videojuego-3d/4.27/MyProject/Content/StarterContent/Textures/T_Metal_Aluminum_D.uexp" 741
"C:/Users/Doge/Desktop/Nueva carpeta/proyecto-profesional-videojuego-3d/4.27/MyProject/Content/StarterContent/Textures/T_Metal_Aluminum_D.ubulk" 742
"C:/Users/Doge/Desktop/Nueva carpeta/proyecto-profesional-videojuego-3d/4.27/MyProject/Content/StarterContent/Materials/M_Metal_Burnished_Steel.uasset" 743
"C:/Users/Doge/Desktop/Nueva carpeta/proyecto-profesional-videojuego-3d/4.27/MyProject/Content/StarterContent/Materials/M_Metal_Burnished_Steel.uexp" 744
"C:/Users/Doge/Desktop/Nueva carpeta/proyecto-profesional-videojuego-3d/4.27/MyProject/Content/StarterContent/Audio/Starter_Background_Cue.uasset" 745
"C:/Users/Doge/Desktop/Nueva carpeta/proyecto-profesional-videojuego-3d/4.27/MyProject/Content/StarterContent/Audio/Starter_Background_Cue.uexp" 746
"C:/Users/Doge/Desktop/Nueva carpeta/proyecto-profesional-videojuego-3d/4.27/MyProject/Content/StarterContent/Materials/M_Basic_Floor.uasset" 747
"C:/Users/Doge/Desktop/Nueva carpeta/proyecto-profesional-videojuego-3d/4.27/MyProject/Content/StarterContent/Materials/M_Basic_Floor.uexp" 748
"C:/Users/Doge/Desktop/Nueva carpeta/proyecto-profesional-videojuego-3d/4.27/MyProject/Content/StarterContent/Architecture/Floor_400x400.uasset" 749
"C:/Users/Doge/Desktop/Nueva carpeta/proyecto-profesional-videojuego-3d/4.27/MyProject/Content/StarterContent/Architecture/Floor_400x400.uexp" 750
"C:/Users/Doge/Desktop/Nueva carpeta/proyecto-profesional-videojuego-3d/4.27/MyProject/Content/StarterContent/Maps/Minimal_Default.uexp" 751
"C:/Users/Doge/Desktop/Nueva carpeta/proyecto-profesional-videojuego-3d/4.27/MyProject/Content/StarterContent/Maps/Minimal_Default.umap" 752
"C:/Users/Doge/Desktop/Nueva carpeta/proyecto-profesional-videojuego-3d/4.27/MyProject/Content/StarterContent/Materials/M_Basic_Wall.uasset" 753
"C:/Users/Doge/Desktop/Nueva carpeta/proyecto-profesional-videojuego-3d/4.27/MyProject/Content/StarterContent/Materials/M_Basic_Wall.uexp" 754
"C:/Users/Doge/Desktop/Nueva carpeta/proyecto-profesional-videojuego-3d/4.27/MyProject/Content/StarterContent/Shapes/Shape_Wedge_B.uasset" 755
"C:/Users/Doge/Desktop/Nueva carpeta/proyecto-profesional-videojuego-3d/4.27/MyProject/Content/StarterContent/Shapes/Shape_Wedge_B.uexp" 756
"C:/Users/Doge/Desktop/Nueva carpeta/proyecto-profesional-videojuego-3d/4.27/MyProject/Content/StarterContent/Shapes/Shape_Cylinder.uasset" 757
"C:/Users/Doge/Desktop/Nueva carpeta/proyecto-profesional-videojuego-3d/4.27/MyProject/Content/StarterContent/Shapes/Shape_Cylinder.uexp" 758
"../../../Engine/Content/BasicShapes/Plane.uasset" 759
"../../../Engine/Content/BasicShapes/Plane.uexp" 760
"../../../Engine/Content/BasicShapes/Cube.uasset" 761
"../../../Engine/Content/BasicShapes/Cube.uexp" 762
"C:/Users/Doge/Desktop/Nueva carpeta/proyecto-profesional-videojuego-3d/4.27/MyProject/Content/StarterContent/Textures/T_Wood_Oak_N.uasset" 763
"C:/Users/Doge/Desktop/Nueva carpeta/proyecto-profesional-videojuego-3d/4.27/MyProject/Content/StarterContent/Textures/T_Wood_Oak_N.uexp" 764
"C:/Users/Doge/Desktop/Nueva carpeta/proyecto-profesional-videojuego-3d/4.27/MyProject/Content/StarterContent/Textures/T_Wood_Oak_N.ubulk" 765
"C:/Users/Doge/Desktop/Nueva carpeta/proyecto-profesional-videojuego-3d/4.27/MyProject/Content/StarterContent/Textures/T_Wood_Oak_D.uasset" 766
"C:/Users/Doge/Desktop/Nueva carpeta/proyecto-profesional-videojuego-3d/4.27/MyProject/Content/StarterContent/Textures/T_Wood_Oak_D.uexp" 767
"C:/Users/Doge/Desktop/Nueva carpeta/proyecto-profesional-videojuego-3d/4.27/MyProject/Content/StarterContent/Textures/T_Wood_Oak_D.ubulk" 768
"C:/Users/Doge/Desktop/Nueva carpeta/proyecto-profesional-videojuego-3d/4.27/MyProject/Content/StarterContent/Materials/M_Wood_Oak.uasset" 769
"C:/Users/Doge/Desktop/Nueva carpeta/proyecto-profesional-videojuego-3d/4.27/MyProject/Content/StarterContent/Materials/M_Wood_Oak.uexp" 770
"C:/Users/Doge/Desktop/Nueva carpeta/proyecto-profesional-videojuego-3d/4.27/MyProject/Content/StarterContent/Textures/T_Concrete_Tiles_Variation_M.uasset" 771
"C:/Users/Doge/Desktop/Nueva carpeta/proyecto-profesional-videojuego-3d/4.27/MyProject/Content/StarterContent/Textures/T_Concrete_Tiles_Variation_M.uexp" 772
"C:/Users/Doge/Desktop/Nueva carpeta/proyecto-profesional-videojuego-3d/4.27/MyProject/Content/StarterContent/Textures/T_Concrete_Tiles_Variation_M.ubulk" 773
"C:/Users/Doge/Desktop/Nueva carpeta/proyecto-profesional-videojuego-3d/4.27/MyProject/Content/StarterContent/Textures/T_Concrete_Tiles_N.uasset" 774
"C:/Users/Doge/Desktop/Nueva carpeta/proyecto-profesional-videojuego-3d/4.27/MyProject/Content/StarterContent/Textures/T_Concrete_Tiles_N.uexp" 775
"C:/Users/Doge/Desktop/Nueva carpeta/proyecto-profesional-videojuego-3d/4.27/MyProject/Content/StarterContent/Textures/T_Concrete_Tiles_N.ubulk" 776
"C:/Users/Doge/Desktop/Nueva carpeta/proyecto-profesional-videojuego-3d/4.27/MyProject/Content/StarterContent/Textures/T_Concrete_Tiles_M.uasset" 777
"C:/Users/Doge/Desktop/Nueva carpeta/proyecto-profesional-videojuego-3d/4.27/MyProject/Content/StarterContent/Textures/T_Concrete_Tiles_M.uexp" 778
"C:/Users/Doge/Desktop/Nueva carpeta/proyecto-profesional-videojuego-3d/4.27/MyProject/Content/StarterContent/Textures/T_Concrete_Tiles_M.ubulk" 779
"C:/Users/Doge/Desktop/Nueva carpeta/proyecto-profesional-videojuego-3d/4.27/MyProject/Content/StarterContent/Textures/T_Concrete_Tiles_D.uasset" 780
"C:/Users/Doge/Desktop/Nueva carpeta/proyecto-profesional-videojuego-3d/4.27/MyProject/Content/StarterContent/Textures/T_Concrete_Tiles_D.uexp" 781
"C:/Users/Doge/Desktop/Nueva carpeta/proyecto-profesional-videojuego-3d/4.27/MyProject/Content/StarterContent/Textures/T_Concrete_Tiles_D.ubulk" 782
"C:/Users/Doge/Desktop/Nueva carpeta/proyecto-profesional-videojuego-3d/4.27/MyProject/Content/StarterContent/Materials/M_Concrete_Tiles.uasset" 783
"C:/Users/Doge/Desktop/Nueva carpeta/proyecto-profesional-videojuego-3d/4.27/MyProject/Content/StarterContent/Materials/M_Concrete_Tiles.uexp" 784
"C:/Users/Doge/Desktop/Nueva carpeta/proyecto-profesional-videojuego-3d/4.27/MyProject/Content/StarterContent/Textures/T_CobbleStone_Smooth_N.uasset" 785
"C:/Users/Doge/Desktop/Nueva carpeta/proyecto-profesional-videojuego-3d/4.27/MyProject/Content/StarterContent/Textures/T_CobbleStone_Smooth_N.uexp" 786
"C:/Users/Doge/Desktop/Nueva carpeta/proyecto-profesional-videojuego-3d/4.27/MyProject/Content/StarterContent/Textures/T_CobbleStone_Smooth_N.ubulk" 787
"C:/Users/Doge/Desktop/Nueva carpeta/proyecto-profesional-videojuego-3d/4.27/MyProject/Content/StarterContent/Textures/T_CobbleStone_Smooth_M.uasset" 788
"C:/Users/Doge/Desktop/Nueva carpeta/proyecto-profesional-videojuego-3d/4.27/MyProject/Content/StarterContent/Textures/T_CobbleStone_Smooth_M.uexp" 789
"C:/Users/Doge/Desktop/Nueva carpeta/proyecto-profesional-videojuego-3d/4.27/MyProject/Content/StarterContent/Textures/T_CobbleStone_Smooth_M.ubulk" 790
"C:/Users/Doge/Desktop/Nueva carpeta/proyecto-profesional-videojuego-3d/4.27/MyProject/Content/StarterContent/Textures/T_CobbleStone_Smooth_D.uasset" 791
"C:/Users/Doge/Desktop/Nueva carpeta/proyecto-profesional-videojuego-3d/4.27/MyProject/Content/StarterContent/Textures/T_CobbleStone_Smooth_D.uexp" 792
"C:/Users/Doge/Desktop/Nueva carpeta/proyecto-profesional-videojuego-3d/4.27/MyProject/Content/StarterContent/Textures/T_CobbleStone_Smooth_D.ubulk" 793
"C:/Users/Doge/Desktop/Nueva carpeta/proyecto-profesional-videojuego-3d/4.27/MyProject/Content/StarterContent/Textures/T_Rock_Smooth_Granite_D.uasset" 794
"C:/Users/Doge/Desktop/Nueva carpeta/proyecto-profesional-videojuego-3d/4.27/MyProject/Content/StarterContent/Textures/T_Rock_Smooth_Granite_D.uexp" 795
"C:/Users/Doge/Desktop/Nueva carpeta/proyecto-profesional-videojuego-3d/4.27/MyProject/Content/StarterContent/Textures/T_Rock_Smooth_Granite_D.ubulk" 796
"C:/Users/Doge/Desktop/Nueva carpeta/proyecto-profesional-videojuego-3d/4.27/MyProject/Content/StarterContent/Textures/T_Gradinet_01.uasset" 797
"C:/Users/Doge/Desktop/Nueva carpeta/proyecto-profesional-videojuego-3d/4.27/MyProject/Content/StarterContent/Textures/T_Gradinet_01.uexp" 798
"C:/Users/Doge/Desktop/Nueva carpeta/proyecto-profesional-videojuego-3d/4.27/MyProject/Content/StarterContent/Textures/T_Gradinet_01.ubulk" 799
"C:/Users/Doge/Desktop/Nueva carpeta/proyecto-profesional-videojuego-3d/4.27/MyProject/Content/StarterContent/Materials/M_CobbleStone_Smooth_2.uasset" 800
"C:/Users/Doge/Desktop/Nueva carpeta/proyecto-profesional-videojuego-3d/4.27/MyProject/Content/StarterContent/Materials/M_CobbleStone_Smooth_2.uexp" 801
"C:/Users/Doge/Desktop/Nueva carpeta/proyecto-profesional-videojuego-3d/4.27/MyProject/Content/StarterContent/Materials/M_CobbleStone_Smooth.uasset" 802
"C:/Users/Doge/Desktop/Nueva carpeta/proyecto-profesional-videojuego-3d/4.27/MyProject/Content/StarterContent/Materials/M_CobbleStone_Smooth.uexp" 803
"C:/Users/Doge/Desktop/Nueva carpeta/proyecto-profesional-videojuego-3d/4.27/MyProject/Content/StarterContent/Textures/T_Brick_Clay_Beveled_N.uasset" 804
"C:/Users/Doge/Desktop/Nueva carpeta/proyecto-profesional-videojuego-3d/4.27/MyProject/Content/StarterContent/Textures/T_Brick_Clay_Beveled_N.uexp" 805
"C:/Users/Doge/Desktop/Nueva carpeta/proyecto-profesional-videojuego-3d/4.27/MyProject/Content/StarterContent/Textures/T_Brick_Clay_Beveled_N.ubulk" 806
"C:/Users/Doge/Desktop/Nueva carpeta/proyecto-profesional-videojuego-3d/4.27/MyProject/Content/StarterContent/Textures/T_Brick_Clay_Beveled_M.uasset" 807
"C:/Users/Doge/Desktop/Nueva carpeta/proyecto-profesional-videojuego-3d/4.27/MyProject/Content/StarterContent/Textures/T_Brick_Clay_Beveled_M.uexp" 808
"C:/Users/Doge/Desktop/Nueva carpeta/proyecto-profesional-videojuego-3d/4.27/MyProject/Content/StarterContent/Textures/T_Brick_Clay_Beveled_M.ubulk" 809
"C:/Users/Doge/Desktop/Nueva carpeta/proyecto-profesional-videojuego-3d/4.27/MyProject/Content/StarterContent/Textures/T_Brick_Clay_Beveled_D.uasset" 810
"C:/Users/Doge/Desktop/Nueva carpeta/proyecto-profesional-videojuego-3d/4.27/MyProject/Content/StarterContent/Textures/T_Brick_Clay_Beveled_D.uexp" 811
"C:/Users/Doge/Desktop/Nueva carpeta/proyecto-profesional-videojuego-3d/4.27/MyProject/Content/StarterContent/Textures/T_Brick_Clay_Beveled_D.ubulk" 812
"C:/Users/Doge/Desktop/Nueva carpeta/proyecto-profesional-videojuego-3d/4.27/MyProject/Content/StarterContent/Materials/M_Brick_Clay_Beveled_2.uasset" 813
"C:/Users/Doge/Desktop/Nueva carpeta/proyecto-profesional-videojuego-3d/4.27/MyProject/Content/StarterContent/Materials/M_Brick_Clay_Beveled_2.uexp" 814
"C:/Users/Doge/Desktop/Nueva carpeta/proyecto-profesional-videojuego-3d/4.27/MyProject/Content/StarterContent/Shapes/Shape_QuadPyramid.uasset" 815
"C:/Users/Doge/Desktop/Nueva carpeta/proyecto-profesional-videojuego-3d/4.27/MyProject/Content/StarterContent/Shapes/Shape_QuadPyramid.uexp" 816
"C:/Users/Doge/Desktop/Nueva carpeta/proyecto-profesional-videojuego-3d/4.27/MyProject/Content/StarterContent/Shapes/Shape_Cube.uasset" 817
"C:/Users/Doge/Desktop/Nueva carpeta/proyecto-profesional-videojuego-3d/4.27/MyProject/Content/StarterContent/Shapes/Shape_Cube.uexp" 818
"../../../Engine/Content/BasicShapes/BasicShapeMaterial.uasset" 819
"../../../Engine/Content/BasicShapes/BasicShapeMaterial.uexp" 820
"C:/Users/Doge/Desktop/Nueva carpeta/proyecto-profesional-videojuego-3d/4.27/MyProject/Content/StarterContent/Blueprints/BP_SubeYBaja_Grande.uasset" 821
"C:/Users/Doge/Desktop/Nueva carpeta/proyecto-profesional-videojuego-3d/4.27/MyProject/Content/StarterContent/Blueprints/BP_SubeYBaja_Grande.uexp" 822
"C:/Users/Doge/Desktop/Nueva carpeta/proyecto-profesional-videojuego-3d/4.27/MyProject/Content/StarterContent/Blueprints/BP_PlataformaMovil_2.uasset" 823
"C:/Users/Doge/Desktop/Nueva carpeta/proyecto-profesional-videojuego-3d/4.27/MyProject/Content/StarterContent/Blueprints/BP_PlataformaMovil_2.uexp" 824
"C:/Users/Doge/Desktop/Nueva carpeta/proyecto-profesional-videojuego-3d/4.27/MyProject/Content/StarterContent/Maps/Multijugador.uexp" 825
"C:/Users/Doge/Desktop/Nueva carpeta/proyecto-profesional-videojuego-3d/4.27/MyProject/Content/StarterContent/Maps/Multijugador.umap" 826
"C:/Users/Doge/Desktop/Nueva carpeta/proyecto-profesional-videojuego-3d/4.27/MyProject/Content/StarterContent/Textures/T_Rock_Slate_N.uasset" 827
"C:/Users/Doge/Desktop/Nueva carpeta/proyecto-profesional-videojuego-3d/4.27/MyProject/Content/StarterContent/Textures/T_Rock_Slate_N.uexp" 828
"C:/Users/Doge/Desktop/Nueva carpeta/proyecto-profesional-videojuego-3d/4.27/MyProject/Content/StarterContent/Textures/T_Rock_Slate_N.ubulk" 829
"C:/Users/Doge/Desktop/Nueva carpeta/proyecto-profesional-videojuego-3d/4.27/MyProject/Content/StarterContent/Textures/T_Rock_Slate_D.uasset" 830
"C:/Users/Doge/Desktop/Nueva carpeta/proyecto-profesional-videojuego-3d/4.27/MyProject/Content/StarterContent/Textures/T_Rock_Slate_D.uexp" 831
"C:/Users/Doge/Desktop/Nueva carpeta/proyecto-profesional-videojuego-3d/4.27/MyProject/Content/StarterContent/Textures/T_Rock_Slate_D.ubulk" 832
"C:/Users/Doge/Desktop/Nueva carpeta/proyecto-profesional-videojuego-3d/4.27/MyProject/Content/StarterContent/Textures/T_Perlin_Noise_M.uasset" 833
"C:/Users/Doge/Desktop/Nueva carpeta/proyecto-profesional-videojuego-3d/4.27/MyProject/Content/StarterContent/Textures/T_Perlin_Noise_M.uexp" 834
"C:/Users/Doge/Desktop/Nueva carpeta/proyecto-profesional-videojuego-3d/4.27/MyProject/Content/StarterContent/Textures/T_Perlin_Noise_M.ubulk" 835
"C:/Users/Doge/Desktop/Nueva carpeta/proyecto-profesional-videojuego-3d/4.27/MyProject/Content/StarterContent/Materials/M_Rock_Slate.uasset" 836
"C:/Users/Doge/Desktop/Nueva carpeta/proyecto-profesional-videojuego-3d/4.27/MyProject/Content/StarterContent/Materials/M_Rock_Slate.uexp" 837
"C:/Users/Doge/Desktop/Nueva carpeta/proyecto-profesional-videojuego-3d/4.27/MyProject/Content/StarterContent/Textures/T_Rock_Sandstone_N.uasset" 838
"C:/Users/Doge/Desktop/Nueva carpeta/proyecto-profesional-videojuego-3d/4.27/MyProject/Content/StarterContent/Textures/T_Rock_Sandstone_N.uexp" 839
"C:/Users/Doge/Desktop/Nueva carpeta/proyecto-profesional-videojuego-3d/4.27/MyProject/Content/StarterContent/Textures/T_Rock_Sandstone_N.ubulk" 840
"C:/Users/Doge/Desktop/Nueva carpeta/proyecto-profesional-videojuego-3d/4.27/MyProject/Content/StarterContent/Textures/T_Rock_Sandstone_D.uasset" 841
"C:/Users/Doge/Desktop/Nueva carpeta/proyecto-profesional-videojuego-3d/4.27/MyProject/Content/StarterContent/Textures/T_Rock_Sandstone_D.uexp" 842
"C:/Users/Doge/Desktop/Nueva carpeta/proyecto-profesional-videojuego-3d/4.27/MyProject/Content/StarterContent/Textures/T_Rock_Sandstone_D.ubulk" 843
"C:/Users/Doge/Desktop/Nueva carpeta/proyecto-profesional-videojuego-3d/4.27/MyProject/Content/StarterContent/Materials/M_Rock_Sandstone.uasset" 844
"C:/Users/Doge/Desktop/Nueva carpeta/proyecto-profesional-videojuego-3d/4.27/MyProject/Content/StarterContent/Materials/M_Rock_Sandstone.uexp" 845
"C:/Users/Doge/Desktop/Nueva carpeta/proyecto-profesional-videojuego-3d/4.27/MyProject/Content/StarterContent/Textures/T_Rock_Marble_Polished_D.uasset" 846
"C:/Users/Doge/Desktop/Nueva carpeta/proyecto-profesional-videojuego-3d/4.27/MyProject/Content/StarterContent/Textures/T_Rock_Marble_Polished_D.uexp" 847
"C:/Users/Doge/Desktop/Nueva carpeta/proyecto-profesional-videojuego-3d/4.27/MyProject/Content/StarterContent/Textures/T_Rock_Marble_Polished_D.ubulk" 848
"C:/Users/Doge/Desktop/Nueva carpeta/proyecto-profesional-videojuego-3d/4.27/MyProject/Content/StarterContent/Materials/M_Rock_Marble_Polished.uasset" 849
"C:/Users/Doge/Desktop/Nueva carpeta/proyecto-profesional-videojuego-3d/4.27/MyProject/Content/StarterContent/Materials/M_Rock_Marble_Polished.uexp" 850
"C:/Users/Doge/Desktop/Nueva carpeta/proyecto-profesional-videojuego-3d/4.27/MyProject/Content/StarterContent/Textures/T_Rock_Basalt_N.uasset" 851
"C:/Users/Doge/Desktop/Nueva carpeta/proyecto-profesional-videojuego-3d/4.27/MyProject/Content/StarterContent/Textures/T_Rock_Basalt_N.uexp" 852
"C:/Users/Doge/Desktop/Nueva carpeta/proyecto-profesional-videojuego-3d/4.27/MyProject/Content/StarterContent/Textures/T_Rock_Basalt_N.ubulk" 853
"C:/Users/Doge/Desktop/Nueva carpeta/proyecto-profesional-videojuego-3d/4.27/MyProject/Content/StarterContent/Textures/T_Rock_Basalt_D.uasset" 854
"C:/Users/Doge/Desktop/Nueva carpeta/proyecto-profesional-videojuego-3d/4.27/MyProject/Content/StarterContent/Textures/T_Rock_Basalt_D.uexp" 855
"C:/Users/Doge/Desktop/Nueva carpeta/proyecto-profesional-videojuego-3d/4.27/MyProject/Content/StarterContent/Textures/T_Rock_Basalt_D.ubulk" 856
"C:/Users/Doge/Desktop/Nueva carpeta/proyecto-profesional-videojuego-3d/4.27/MyProject/Content/StarterContent/Materials/M_Rock_Basalt.uasset" 857
"C:/Users/Doge/Desktop/Nueva carpeta/proyecto-profesional-videojuego-3d/4.27/MyProject/Content/StarterContent/Materials/M_Rock_Basalt.uexp" 858
"C:/Users/Doge/Desktop/Nueva carpeta/proyecto-profesional-videojuego-3d/4.27/MyProject/Content/StarterContent/Textures/T_Metal_Steel_N.uasset" 859
"C:/Users/Doge/Desktop/Nueva carpeta/proyecto-profesional-videojuego-3d/4.27/MyProject/Content/StarterContent/Textures/T_Metal_Steel_N.uexp" 860
"C:/Users/Doge/Desktop/Nueva carpeta/proyecto-profesional-videojuego-3d/4.27/MyProject/Content/StarterContent/Textures/T_Metal_Steel_N.ubulk" 861
"C:/Users/Doge/Desktop/Nueva carpeta/proyecto-profesional-videojuego-3d/4.27/MyProject/Content/StarterContent/Textures/T_Metal_Steel_D.uasset" 862
"C:/Users/Doge/Desktop/Nueva carpeta/proyecto-profesional-videojuego-3d/4.27/MyProject/Content/StarterContent/Textures/T_Metal_Steel_D.uexp" 863
"C:/Users/Doge/Desktop/Nueva carpeta/proyecto-profesional-videojuego-3d/4.27/MyProject/Content/StarterContent/Textures/T_Metal_Steel_D.ubulk" 864
"C:/Users/Doge/Desktop/Nueva carpeta/proyecto-profesional-videojuego-3d/4.27/MyProject/Content/StarterContent/Materials/M_Metal_Steel.uasset" 865
"C:/Users/Doge/Desktop/Nueva carpeta/proyecto-profesional-videojuego-3d/4.27/MyProject/Content/StarterContent/Materials/M_Metal_Steel.uexp" 866
"C:/Users/Doge/Desktop/Nueva carpeta/proyecto-profesional-videojuego-3d/4.27/MyProject/Content/StarterContent/Textures/T_Metal_Rust_N.uasset" 867
"C:/Users/Doge/Desktop/Nueva carpeta/proyecto-profesional-videojuego-3d/4.27/MyProject/Content/StarterContent/Textures/T_Metal_Rust_N.uexp" 868
"C:/Users/Doge/Desktop/Nueva carpeta/proyecto-profesional-videojuego-3d/4.27/MyProject/Content/StarterContent/Textures/T_Metal_Rust_N.ubulk" 869
"C:/Users/Doge/Desktop/Nueva carpeta/proyecto-profesional-videojuego-3d/4.27/MyProject/Content/StarterContent/Textures/T_Metal_Rust_D.uasset" 870
"C:/Users/Doge/Desktop/Nueva carpeta/proyecto-profesional-videojuego-3d/4.27/MyProject/Content/StarterContent/Textures/T_Metal_Rust_D.uexp" 871
"C:/Users/Doge/Desktop/Nueva carpeta/proyecto-profesional-videojuego-3d/4.27/MyProject/Content/StarterContent/Textures/T_Metal_Rust_D.ubulk" 872
"C:/Users/Doge/Desktop/Nueva carpeta/proyecto-profesional-videojuego-3d/4.27/MyProject/Content/StarterContent/Materials/M_Metal_Rust.uasset" 873
"C:/Users/Doge/Desktop/Nueva carpeta/proyecto-profesional-videojuego-3d/4.27/MyProject/Content/StarterContent/Materials/M_Metal_Rust.uexp" 874
"C:/Users/Doge/Desktop/Nueva carpeta/proyecto-profesional-videojuego-3d/4.27/MyProject/Content/StarterContent/Textures/T_Metal_Gold_D.uasset" 875
"C:/Users/Doge/Desktop/Nueva carpeta/proyecto-profesional-videojuego-3d/4.27/MyProject/Content/StarterContent/Textures/T_Metal_Gold_D.uexp" 876
"C:/Users/Doge/Desktop/Nueva carpeta/proyecto-profesional-videojuego-3d/4.27/MyProject/Content/StarterContent/Textures/T_Metal_Gold_D.ubulk" 877
"C:/Users/Doge/Desktop/Nueva carpeta/proyecto-profesional-videojuego-3d/4.27/MyProject/Content/StarterContent/Materials/M_Metal_Gold.uasset" 878
"C:/Users/Doge/Desktop/Nueva carpeta/proyecto-profesional-videojuego-3d/4.27/MyProject/Content/StarterContent/Materials/M_Metal_Gold.uexp" 879
"C:/Users/Doge/Desktop/Nueva carpeta/proyecto-profesional-videojuego-3d/4.27/MyProject/Content/StarterContent/Materials/M_Metal_Chrome.uasset" 880
"C:/Users/Doge/Desktop/Nueva carpeta/proyecto-profesional-videojuego-3d/4.27/MyProject/Content/StarterContent/Materials/M_Metal_Chrome.uexp" 881
"C:/Users/Doge/Desktop/Nueva carpeta/proyecto-profesional-videojuego-3d/4.27/MyProject/Content/StarterContent/Textures/T_Ground_Moss_N.uasset" 882
"C:/Users/Doge/Desktop/Nueva carpeta/proyecto-profesional-videojuego-3d/4.27/MyProject/Content/StarterContent/Textures/T_Ground_Moss_N.uexp" 883
"C:/Users/Doge/Desktop/Nueva carpeta/proyecto-profesional-videojuego-3d/4.27/MyProject/Content/StarterContent/Textures/T_Ground_Moss_N.ubulk" 884
"C:/Users/Doge/Desktop/Nueva carpeta/proyecto-profesional-videojuego-3d/4.27/MyProject/Content/StarterContent/Textures/T_ground_Moss_D.uasset" 885
"C:/Users/Doge/Desktop/Nueva carpeta/proyecto-profesional-videojuego-3d/4.27/MyProject/Content/StarterContent/Textures/T_ground_Moss_D.uexp" 886
"C:/Users/Doge/Desktop/Nueva carpeta/proyecto-profesional-videojuego-3d/4.27/MyProject/Content/StarterContent/Textures/T_ground_Moss_D.ubulk" 887
"C:/Users/Doge/Desktop/Nueva carpeta/proyecto-profesional-videojuego-3d/4.27/MyProject/Content/StarterContent/Materials/M_Ground_Moss.uasset" 888
"C:/Users/Doge/Desktop/Nueva carpeta/proyecto-profesional-videojuego-3d/4.27/MyProject/Content/StarterContent/Materials/M_Ground_Moss.uexp" 889
"C:/Users/Doge/Desktop/Nueva carpeta/proyecto-profesional-videojuego-3d/4.27/MyProject/Content/StarterContent/Textures/T_Ground_Gravel_N.uasset" 890
"C:/Users/Doge/Desktop/Nueva carpeta/proyecto-profesional-videojuego-3d/4.27/MyProject/Content/StarterContent/Textures/T_Ground_Gravel_N.uexp" 891
"C:/Users/Doge/Desktop/Nueva carpeta/proyecto-profesional-videojuego-3d/4.27/MyProject/Content/StarterContent/Textures/T_Ground_Gravel_N.ubulk" 892
"C:/Users/Doge/Desktop/Nueva carpeta/proyecto-profesional-videojuego-3d/4.27/MyProject/Content/StarterContent/Textures/T_Ground_Gravel_D.uasset" 893
"C:/Users/Doge/Desktop/Nueva carpeta/proyecto-profesional-videojuego-3d/4.27/MyProject/Content/StarterContent/Textures/T_Ground_Gravel_D.uexp" 894
"C:/Users/Doge/Desktop/Nueva carpeta/proyecto-profesional-videojuego-3d/4.27/MyProject/Content/StarterContent/Textures/T_Ground_Gravel_D.ubulk" 895
"C:/Users/Doge/Desktop/Nueva carpeta/proyecto-profesional-videojuego-3d/4.27/MyProject/Content/StarterContent/Materials/M_Ground_Gravel.uasset" 896
"C:/Users/Doge/Desktop/Nueva carpeta/proyecto-profesional-videojuego-3d/4.27/MyProject/Content/StarterContent/Materials/M_Ground_Gravel.uexp" 897
"C:/Users/Doge/Desktop/Nueva carpeta/proyecto-profesional-videojuego-3d/4.27/MyProject/Content/StarterContent/Textures/T_Ground_Grass_N.uasset" 898
"C:/Users/Doge/Desktop/Nueva carpeta/proyecto-profesional-videojuego-3d/4.27/MyProject/Content/StarterContent/Textures/T_Ground_Grass_N.uexp" 899
"C:/Users/Doge/Desktop/Nueva carpeta/proyecto-profesional-videojuego-3d/4.27/MyProject/Content/StarterContent/Textures/T_Ground_Grass_N.ubulk" 900
"C:/Users/Doge/Desktop/Nueva carpeta/proyecto-profesional-videojuego-3d/4.27/MyProject/Content/StarterContent/Textures/T_Ground_Grass_D.uasset" 901
"C:/Users/Doge/Desktop/Nueva carpeta/proyecto-profesional-videojuego-3d/4.27/MyProject/Content/StarterContent/Textures/T_Ground_Grass_D.uexp" 902
"C:/Users/Doge/Desktop/Nueva carpeta/proyecto-profesional-videojuego-3d/4.27/MyProject/Content/StarterContent/Textures/T_Ground_Grass_D.ubulk" 903
"C:/Users/Doge/Desktop/Nueva carpeta/proyecto-profesional-videojuego-3d/4.27/MyProject/Content/StarterContent/Materials/M_Ground_Grass.uasset" 904
"C:/Users/Doge/Desktop/Nueva carpeta/proyecto-profesional-videojuego-3d/4.27/MyProject/Content/StarterContent/Materials/M_Ground_Grass.uexp" 905
"C:/Users/Doge/Desktop/Nueva carpeta/proyecto-profesional-videojuego-3d/4.27/MyProject/Content/StarterContent/Textures/T_Concrete_Panels_N.uasset" 906
"C:/Users/Doge/Desktop/Nueva carpeta/proyecto-profesional-videojuego-3d/4.27/MyProject/Content/StarterContent/Textures/T_Concrete_Panels_N.uexp" 907
"C:/Users/Doge/Desktop/Nueva carpeta/proyecto-profesional-videojuego-3d/4.27/MyProject/Content/StarterContent/Textures/T_Concrete_Panels_N.ubulk" 908
"C:/Users/Doge/Desktop/Nueva carpeta/proyecto-profesional-videojuego-3d/4.27/MyProject/Content/StarterContent/Textures/T_Concrete_Panels_D.uasset" 909
"C:/Users/Doge/Desktop/Nueva carpeta/proyecto-profesional-videojuego-3d/4.27/MyProject/Content/StarterContent/Textures/T_Concrete_Panels_D.uexp" 910
"C:/Users/Doge/Desktop/Nueva carpeta/proyecto-profesional-videojuego-3d/4.27/MyProject/Content/StarterContent/Textures/T_Concrete_Panels_D.ubulk" 911
"C:/Users/Doge/Desktop/Nueva carpeta/proyecto-profesional-videojuego-3d/4.27/MyProject/Content/StarterContent/Materials/M_Concrete_Panels.uasset" 912
"C:/Users/Doge/Desktop/Nueva carpeta/proyecto-profesional-videojuego-3d/4.27/MyProject/Content/StarterContent/Materials/M_Concrete_Panels.uexp" 913
"C:/Users/Doge/Desktop/Nueva carpeta/proyecto-profesional-videojuego-3d/4.27/MyProject/Content/StarterContent/Textures/T_Concrete_Grime_D.uasset" 914
"C:/Users/Doge/Desktop/Nueva carpeta/proyecto-profesional-videojuego-3d/4.27/MyProject/Content/StarterContent/Textures/T_Concrete_Grime_D.uexp" 915
"C:/Users/Doge/Desktop/Nueva carpeta/proyecto-profesional-videojuego-3d/4.27/MyProject/Content/StarterContent/Textures/T_Concrete_Grime_D.ubulk" 916
"C:/Users/Doge/Desktop/Nueva carpeta/proyecto-profesional-videojuego-3d/4.27/MyProject/Content/StarterContent/Materials/M_Concrete_Grime.uasset" 917
"C:/Users/Doge/Desktop/Nueva carpeta/proyecto-profesional-videojuego-3d/4.27/MyProject/Content/StarterContent/Materials/M_Concrete_Grime.uexp" 918
"C:/Users/Doge/Desktop/Nueva carpeta/proyecto-profesional-videojuego-3d/4.27/MyProject/Content/StarterContent/Textures/T_CobbleStone_Rough_N.uasset" 919
"C:/Users/Doge/Desktop/Nueva carpeta/proyecto-profesional-videojuego-3d/4.27/MyProject/Content/StarterContent/Textures/T_CobbleStone_Rough_N.uexp" 920
"C:/Users/Doge/Desktop/Nueva carpeta/proyecto-profesional-videojuego-3d/4.27/MyProject/Content/StarterContent/Textures/T_CobbleStone_Rough_N.ubulk" 921
"C:/Users/Doge/Desktop/Nueva carpeta/proyecto-profesional-videojuego-3d/4.27/MyProject/Content/StarterContent/Textures/T_CobbleStone_Rough_D.uasset" 922
"C:/Users/Doge/Desktop/Nueva carpeta/proyecto-profesional-videojuego-3d/4.27/MyProject/Content/StarterContent/Textures/T_CobbleStone_Rough_D.uexp" 923
"C:/Users/Doge/Desktop/Nueva carpeta/proyecto-profesional-videojuego-3d/4.27/MyProject/Content/StarterContent/Textures/T_CobbleStone_Rough_D.ubulk" 924
"C:/Users/Doge/Desktop/Nueva carpeta/proyecto-profesional-videojuego-3d/4.27/MyProject/Content/StarterContent/Materials/M_CobbleStone_Rough.uasset" 925
"C:/Users/Doge/Desktop/Nueva carpeta/proyecto-profesional-videojuego-3d/4.27/MyProject/Content/StarterContent/Materials/M_CobbleStone_Rough.uexp" 926
"C:/Users/Doge/Desktop/Nueva carpeta/proyecto-profesional-videojuego-3d/4.27/MyProject/Content/StarterContent/Textures/T_CobbleStone_Pebble_N.uasset" 927
"C:/Users/Doge/Desktop/Nueva carpeta/proyecto-profesional-videojuego-3d/4.27/MyProject/Content/StarterContent/Textures/T_CobbleStone_Pebble_N.uexp" 928
"C:/Users/Doge/Desktop/Nueva carpeta/proyecto-profesional-videojuego-3d/4.27/MyProject/Content/StarterContent/Textures/T_CobbleStone_Pebble_N.ubulk" 929
"C:/Users/Doge/Desktop/Nueva carpeta/proyecto-profesional-videojuego-3d/4.27/MyProject/Content/StarterContent/Textures/T_CobbleStone_Pebble_M.uasset" 930
"C:/Users/Doge/Desktop/Nueva carpeta/proyecto-profesional-videojuego-3d/4.27/MyProject/Content/StarterContent/Textures/T_CobbleStone_Pebble_M.uexp" 931
"C:/Users/Doge/Desktop/Nueva carpeta/proyecto-profesional-videojuego-3d/4.27/MyProject/Content/StarterContent/Textures/T_CobbleStone_Pebble_M.ubulk" 932
"C:/Users/Doge/Desktop/Nueva carpeta/proyecto-profesional-videojuego-3d/4.27/MyProject/Content/StarterContent/Textures/T_CobbleStone_Pebble_D.uasset" 933
"C:/Users/Doge/Desktop/Nueva carpeta/proyecto-profesional-videojuego-3d/4.27/MyProject/Content/StarterContent/Textures/T_CobbleStone_Pebble_D.uexp" 934
"C:/Users/Doge/Desktop/Nueva carpeta/proyecto-profesional-videojuego-3d/4.27/MyProject/Content/StarterContent/Textures/T_CobbleStone_Pebble_D.ubulk" 935
"C:/Users/Doge/Desktop/Nueva carpeta/proyecto-profesional-videojuego-3d/4.27/MyProject/Content/StarterContent/Materials/M_CobbleStone_Pebble.uasset" 936
"C:/Users/Doge/Desktop/Nueva carpeta/proyecto-profesional-videojuego-3d/4.27/MyProject/Content/StarterContent/Materials/M_CobbleStone_Pebble.uexp" 937
"C:/Users/Doge/Desktop/Nueva carpeta/proyecto-profesional-videojuego-3d/4.27/MyProject/Content/StarterContent/Textures/T_Ceramic_Tile_N.uasset" 938
"C:/Users/Doge/Desktop/Nueva carpeta/proyecto-profesional-videojuego-3d/4.27/MyProject/Content/StarterContent/Textures/T_Ceramic_Tile_N.uexp" 939
"C:/Users/Doge/Desktop/Nueva carpeta/proyecto-profesional-videojuego-3d/4.27/MyProject/Content/StarterContent/Textures/T_Ceramic_Tile_N.ubulk" 940
"C:/Users/Doge/Desktop/Nueva carpeta/proyecto-profesional-videojuego-3d/4.27/MyProject/Content/StarterContent/Textures/T_Ceramic_Tile_M.uasset" 941
"C:/Users/Doge/Desktop/Nueva carpeta/proyecto-profesional-videojuego-3d/4.27/MyProject/Content/StarterContent/Textures/T_Ceramic_Tile_M.uexp" 942
"C:/Users/Doge/Desktop/Nueva carpeta/proyecto-profesional-videojuego-3d/4.27/MyProject/Content/StarterContent/Textures/T_Ceramic_Tile_M.ubulk" 943
"C:/Users/Doge/Desktop/Nueva carpeta/proyecto-profesional-videojuego-3d/4.27/MyProject/Content/StarterContent/Materials/M_Ceramic_Tile_Checker.uasset" 944
"C:/Users/Doge/Desktop/Nueva carpeta/proyecto-profesional-videojuego-3d/4.27/MyProject/Content/StarterContent/Materials/M_Ceramic_Tile_Checker.uexp" 945
"C:/Users/Doge/Desktop/Nueva carpeta/proyecto-profesional-videojuego-3d/4.27/MyProject/Content/StarterContent/Textures/T_Brick_Hewn_Stone_N.uasset" 946
"C:/Users/Doge/Desktop/Nueva carpeta/proyecto-profesional-videojuego-3d/4.27/MyProject/Content/StarterContent/Textures/T_Brick_Hewn_Stone_N.uexp" 947
"C:/Users/Doge/Desktop/Nueva carpeta/proyecto-profesional-videojuego-3d/4.27/MyProject/Content/StarterContent/Textures/T_Brick_Hewn_Stone_N.ubulk" 948
"C:/Users/Doge/Desktop/Nueva carpeta/proyecto-profesional-videojuego-3d/4.27/MyProject/Content/StarterContent/Textures/T_Brick_Hewn_Stone_M.uasset" 949
"C:/Users/Doge/Desktop/Nueva carpeta/proyecto-profesional-videojuego-3d/4.27/MyProject/Content/StarterContent/Textures/T_Brick_Hewn_Stone_M.uexp" 950
"C:/Users/Doge/Desktop/Nueva carpeta/proyecto-profesional-videojuego-3d/4.27/MyProject/Content/StarterContent/Textures/T_Brick_Hewn_Stone_M.ubulk" 951
"C:/Users/Doge/Desktop/Nueva carpeta/proyecto-profesional-videojuego-3d/4.27/MyProject/Content/StarterContent/Textures/T_Brick_Hewn_Stone_D.uasset" 952
"C:/Users/Doge/Desktop/Nueva carpeta/proyecto-profesional-videojuego-3d/4.27/MyProject/Content/StarterContent/Textures/T_Brick_Hewn_Stone_D.uexp" 953
"C:/Users/Doge/Desktop/Nueva carpeta/proyecto-profesional-videojuego-3d/4.27/MyProject/Content/StarterContent/Textures/T_Brick_Hewn_Stone_D.ubulk" 954
"C:/Users/Doge/Desktop/Nueva carpeta/proyecto-profesional-videojuego-3d/4.27/MyProject/Content/StarterContent/Textures/T_Detail_Rocky_N.uasset" 955
"C:/Users/Doge/Desktop/Nueva carpeta/proyecto-profesional-videojuego-3d/4.27/MyProject/Content/StarterContent/Textures/T_Detail_Rocky_N.uexp" 956
"C:/Users/Doge/Desktop/Nueva carpeta/proyecto-profesional-videojuego-3d/4.27/MyProject/Content/StarterContent/Textures/T_Detail_Rocky_N.ubulk" 957
"C:/Users/Doge/Desktop/Nueva carpeta/proyecto-profesional-videojuego-3d/4.27/MyProject/Content/StarterContent/Materials/M_Brick_Hewn_Stone.uasset" 958
"C:/Users/Doge/Desktop/Nueva carpeta/proyecto-profesional-videojuego-3d/4.27/MyProject/Content/StarterContent/Materials/M_Brick_Hewn_Stone.uexp" 959
"C:/Users/Doge/Desktop/Nueva carpeta/proyecto-profesional-videojuego-3d/4.27/MyProject/Content/StarterContent/Textures/T_Brick_Cut_Stone_N.uasset" 960
"C:/Users/Doge/Desktop/Nueva carpeta/proyecto-profesional-videojuego-3d/4.27/MyProject/Content/StarterContent/Textures/T_Brick_Cut_Stone_N.uexp" 961
"C:/Users/Doge/Desktop/Nueva carpeta/proyecto-profesional-videojuego-3d/4.27/MyProject/Content/StarterContent/Textures/T_Brick_Cut_Stone_N.ubulk" 962
"C:/Users/Doge/Desktop/Nueva carpeta/proyecto-profesional-videojuego-3d/4.27/MyProject/Content/StarterContent/Textures/T_Brick_Cut_Stone_D.uasset" 963
"C:/Users/Doge/Desktop/Nueva carpeta/proyecto-profesional-videojuego-3d/4.27/MyProject/Content/StarterContent/Textures/T_Brick_Cut_Stone_D.uexp" 964
"C:/Users/Doge/Desktop/Nueva carpeta/proyecto-profesional-videojuego-3d/4.27/MyProject/Content/StarterContent/Textures/T_Brick_Cut_Stone_D.ubulk" 965
"C:/Users/Doge/Desktop/Nueva carpeta/proyecto-profesional-videojuego-3d/4.27/MyProject/Content/StarterContent/Materials/M_Brick_Cut_Stone.uasset" 966
"C:/Users/Doge/Desktop/Nueva carpeta/proyecto-profesional-videojuego-3d/4.27/MyProject/Content/StarterContent/Materials/M_Brick_Cut_Stone.uexp" 967
"C:/Users/Doge/Desktop/Nueva carpeta/proyecto-profesional-videojuego-3d/4.27/MyProject/Content/StarterContent/Textures/T_Brick_Clay_Old_N.uasset" 968
"C:/Users/Doge/Desktop/Nueva carpeta/proyecto-profesional-videojuego-3d/4.27/MyProject/Content/StarterContent/Textures/T_Brick_Clay_Old_N.uexp" 969
"C:/Users/Doge/Desktop/Nueva carpeta/proyecto-profesional-videojuego-3d/4.27/MyProject/Content/StarterContent/Textures/T_Brick_Clay_Old_N.ubulk" 970
"C:/Users/Doge/Desktop/Nueva carpeta/proyecto-profesional-videojuego-3d/4.27/MyProject/Content/StarterContent/Textures/T_Brick_Clay_Old_D.uasset" 971
"C:/Users/Doge/Desktop/Nueva carpeta/proyecto-profesional-videojuego-3d/4.27/MyProject/Content/StarterContent/Textures/T_Brick_Clay_Old_D.uexp" 972
"C:/Users/Doge/Desktop/Nueva carpeta/proyecto-profesional-videojuego-3d/4.27/MyProject/Content/StarterContent/Textures/T_Brick_Clay_Old_D.ubulk" 973
"C:/Users/Doge/Desktop/Nueva carpeta/proyecto-profesional-videojuego-3d/4.27/MyProject/Content/StarterContent/Materials/M_Brick_Clay_Old.uasset" 974
"C:/Users/Doge/Desktop/Nueva carpeta/proyecto-profesional-videojuego-3d/4.27/MyProject/Content/StarterContent/Materials/M_Brick_Clay_Old.uexp" 975
"C:/Users/Doge/Desktop/Nueva carpeta/proyecto-profesional-videojuego-3d/4.27/MyProject/Content/StarterContent/Textures/T_Brick_Clay_New_N.uasset" 976
"C:/Users/Doge/Desktop/Nueva carpeta/proyecto-profesional-videojuego-3d/4.27/MyProject/Content/StarterContent/Textures/T_Brick_Clay_New_N.uexp" 977
"C:/Users/Doge/Desktop/Nueva carpeta/proyecto-profesional-videojuego-3d/4.27/MyProject/Content/StarterContent/Textures/T_Brick_Clay_New_M.uasset" 978
"C:/Users/Doge/Desktop/Nueva carpeta/proyecto-profesional-videojuego-3d/4.27/MyProject/Content/StarterContent/Textures/T_Brick_Clay_New_M.uexp" 979
"C:/Users/Doge/Desktop/Nueva carpeta/proyecto-profesional-videojuego-3d/4.27/MyProject/Content/StarterContent/Textures/T_Brick_Clay_New_D.uasset" 980
"C:/Users/Doge/Desktop/Nueva carpeta/proyecto-profesional-videojuego-3d/4.27/MyProject/Content/StarterContent/Textures/T_Brick_Clay_New_D.uexp" 981
"C:/Users/Doge/Desktop/Nueva carpeta/proyecto-profesional-videojuego-3d/4.27/MyProject/Content/StarterContent/Textures/T_Brick_Clay_New_D.ubulk" 982
"C:/Users/Doge/Desktop/Nueva carpeta/proyecto-profesional-videojuego-3d/4.27/MyProject/Content/StarterContent/Materials/M_Brick_Clay_New.uasset" 983
"C:/Users/Doge/Desktop/Nueva carpeta/proyecto-profesional-videojuego-3d/4.27/MyProject/Content/StarterContent/Materials/M_Brick_Clay_New.uexp" 984
"C:/Users/Doge/Desktop/Nueva carpeta/proyecto-profesional-videojuego-3d/4.27/MyProject/Content/StarterContent/Materials/M_Brick_Clay_Beveled.uasset" 985
"C:/Users/Doge/Desktop/Nueva carpeta/proyecto-profesional-videojuego-3d/4.27/MyProject/Content/StarterContent/Materials/M_Brick_Clay_Beveled.uexp" 986
"../../../Engine/Content/Functions/Engine_MaterialFunctions03/Procedurals/ComputeFilterWidth.uasset" 987
"../../../Engine/Content/Functions/Engine_MaterialFunctions03/Procedurals/ComputeFilterWidth.uexp" 988
"../../../Engine/Content/EngineMaterials/AntiAliasedTextMaterialTranslucent.uasset" 989
"../../../Engine/Content/EngineMaterials/AntiAliasedTextMaterialTranslucent.uexp" 990
"C:/Users/Doge/Desktop/Nueva carpeta/proyecto-profesional-videojuego-3d/4.27/MyProject/Content/StarterContent/Maps/StarterMap_BuiltData.uasset" 991
"C:/Users/Doge/Desktop/Nueva carpeta/proyecto-profesional-videojuego-3d/4.27/MyProject/Content/StarterContent/Maps/StarterMap_BuiltData.uexp" 992
"C:/Users/Doge/Desktop/Nueva carpeta/proyecto-profesional-videojuego-3d/4.27/MyProject/Content/StarterContent/Maps/StarterMap_BuiltData.ubulk" 993
"C:/Users/Doge/Desktop/Nueva carpeta/proyecto-profesional-videojuego-3d/4.27/MyProject/Content/StarterContent/Textures/T_Concrete_Poured_N.uasset" 994
"C:/Users/Doge/Desktop/Nueva carpeta/proyecto-profesional-videojuego-3d/4.27/MyProject/Content/StarterContent/Textures/T_Concrete_Poured_N.uexp" 995
"C:/Users/Doge/Desktop/Nueva carpeta/proyecto-profesional-videojuego-3d/4.27/MyProject/Content/StarterContent/Textures/T_Concrete_Poured_N.ubulk" 996
"C:/Users/Doge/Desktop/Nueva carpeta/proyecto-profesional-videojuego-3d/4.27/MyProject/Content/StarterContent/Textures/T_Concrete_Poured_D.uasset" 997
"C:/Users/Doge/Desktop/Nueva carpeta/proyecto-profesional-videojuego-3d/4.27/MyProject/Content/StarterContent/Textures/T_Concrete_Poured_D.uexp" 998
"C:/Users/Doge/Desktop/Nueva carpeta/proyecto-profesional-videojuego-3d/4.27/MyProject/Content/StarterContent/Textures/T_Concrete_Poured_D.ubulk" 999
"C:/Users/Doge/Desktop/Nueva carpeta/proyecto-profesional-videojuego-3d/4.27/MyProject/Content/StarterContent/Materials/M_Concrete_Poured.uasset" 1000
"C:/Users/Doge/Desktop/Nueva carpeta/proyecto-profesional-videojuego-3d/4.27/MyProject/Content/StarterContent/Materials/M_Concrete_Poured.uexp" 1001
"C:/Users/Doge/Desktop/Nueva carpeta/proyecto-profesional-videojuego-3d/4.27/MyProject/Content/StarterContent/Shapes/Shape_Sphere.uasset" 1002
"C:/Users/Doge/Desktop/Nueva carpeta/proyecto-profesional-videojuego-3d/4.27/MyProject/Content/StarterContent/Shapes/Shape_Sphere.uexp" 1003
"C:/Users/Doge/Desktop/Nueva carpeta/proyecto-profesional-videojuego-3d/4.27/MyProject/Content/StarterContent/Textures/T_Frame_N.uasset" 1004
"C:/Users/Doge/Desktop/Nueva carpeta/proyecto-profesional-videojuego-3d/4.27/MyProject/Content/StarterContent/Textures/T_Frame_N.uexp" 1005
"C:/Users/Doge/Desktop/Nueva carpeta/proyecto-profesional-videojuego-3d/4.27/MyProject/Content/StarterContent/Textures/T_Frame_N.ubulk" 1006
"C:/Users/Doge/Desktop/Nueva carpeta/proyecto-profesional-videojuego-3d/4.27/MyProject/Content/StarterContent/Textures/T_Frame_M.uasset" 1007
"C:/Users/Doge/Desktop/Nueva carpeta/proyecto-profesional-videojuego-3d/4.27/MyProject/Content/StarterContent/Textures/T_Frame_M.uexp" 1008
"C:/Users/Doge/Desktop/Nueva carpeta/proyecto-profesional-videojuego-3d/4.27/MyProject/Content/StarterContent/Textures/T_Frame_M.ubulk" 1009
"C:/Users/Doge/Desktop/Nueva carpeta/proyecto-profesional-videojuego-3d/4.27/MyProject/Content/StarterContent/Props/Materials/M_Frame.uasset" 1010
"C:/Users/Doge/Desktop/Nueva carpeta/proyecto-profesional-videojuego-3d/4.27/MyProject/Content/StarterContent/Props/Materials/M_Frame.uexp" 1011
"C:/Users/Doge/Desktop/Nueva carpeta/proyecto-profesional-videojuego-3d/4.27/MyProject/Content/StarterContent/Props/SM_WindowFrame.uasset" 1012
"C:/Users/Doge/Desktop/Nueva carpeta/proyecto-profesional-videojuego-3d/4.27/MyProject/Content/StarterContent/Props/SM_WindowFrame.uexp" 1013
"C:/Users/Doge/Desktop/Nueva carpeta/proyecto-profesional-videojuego-3d/4.27/MyProject/Content/StarterContent/Props/SM_PillarFrame300.uasset" 1014
"C:/Users/Doge/Desktop/Nueva carpeta/proyecto-profesional-videojuego-3d/4.27/MyProject/Content/StarterContent/Props/SM_PillarFrame300.uexp" 1015
"C:/Users/Doge/Desktop/Nueva carpeta/proyecto-profesional-videojuego-3d/4.27/MyProject/Content/StarterContent/Props/SM_PillarFrame.uasset" 1016
"C:/Users/Doge/Desktop/Nueva carpeta/proyecto-profesional-videojuego-3d/4.27/MyProject/Content/StarterContent/Props/SM_PillarFrame.uexp" 1017
"C:/Users/Doge/Desktop/Nueva carpeta/proyecto-profesional-videojuego-3d/4.27/MyProject/Content/StarterContent/Materials/M_Glass.uasset" 1018
"C:/Users/Doge/Desktop/Nueva carpeta/proyecto-profesional-videojuego-3d/4.27/MyProject/Content/StarterContent/Materials/M_Glass.uexp" 1019
"C:/Users/Doge/Desktop/Nueva carpeta/proyecto-profesional-videojuego-3d/4.27/MyProject/Content/StarterContent/Props/SM_GlassWindow.uasset" 1020
"C:/Users/Doge/Desktop/Nueva carpeta/proyecto-profesional-videojuego-3d/4.27/MyProject/Content/StarterContent/Props/SM_GlassWindow.uexp" 1021
"C:/Users/Doge/Desktop/Nueva carpeta/proyecto-profesional-videojuego-3d/4.27/MyProject/Content/StarterContent/Props/SM_DoorFrame.uasset" 1022
"C:/Users/Doge/Desktop/Nueva carpeta/proyecto-profesional-videojuego-3d/4.27/MyProject/Content/StarterContent/Props/SM_DoorFrame.uexp" 1023
"C:/Users/Doge/Desktop/Nueva carpeta/proyecto-profesional-videojuego-3d/4.27/MyProject/Content/StarterContent/Props/SM_CornerFrame.uasset" 1024
"C:/Users/Doge/Desktop/Nueva carpeta/proyecto-profesional-videojuego-3d/4.27/MyProject/Content/StarterContent/Props/SM_CornerFrame.uexp" 1025
"C:/Users/Doge/Desktop/Nueva carpeta/proyecto-profesional-videojuego-3d/4.27/MyProject/Content/StarterContent/Props/MaterialSphere.uasset" 1026
"C:/Users/Doge/Desktop/Nueva carpeta/proyecto-profesional-videojuego-3d/4.27/MyProject/Content/StarterContent/Props/MaterialSphere.uexp" 1027
"C:/Users/Doge/Desktop/Nueva carpeta/proyecto-profesional-videojuego-3d/4.27/MyProject/Content/StarterContent/Textures/T_Dust_Particle_D.uasset" 1028
"C:/Users/Doge/Desktop/Nueva carpeta/proyecto-profesional-videojuego-3d/4.27/MyProject/Content/StarterContent/Textures/T_Dust_Particle_D.uexp" 1029
"C:/Users/Doge/Desktop/Nueva carpeta/proyecto-profesional-videojuego-3d/4.27/MyProject/Content/StarterContent/Textures/T_Dust_Particle_D.ubulk" 1030
"C:/Users/Doge/Desktop/Nueva carpeta/proyecto-profesional-videojuego-3d/4.27/MyProject/Content/StarterContent/Particles/Materials/M_Dust_Particle.uasset" 1031
"C:/Users/Doge/Desktop/Nueva carpeta/proyecto-profesional-videojuego-3d/4.27/MyProject/Content/StarterContent/Particles/Materials/M_Dust_Particle.uexp" 1032
"C:/Users/Doge/Desktop/Nueva carpeta/proyecto-profesional-videojuego-3d/4.27/MyProject/Content/StarterContent/Particles/P_Ambient_Dust.uasset" 1033
"C:/Users/Doge/Desktop/Nueva carpeta/proyecto-profesional-videojuego-3d/4.27/MyProject/Content/StarterContent/Particles/P_Ambient_Dust.uexp" 1034
"C:/Users/Doge/Desktop/Nueva carpeta/proyecto-profesional-videojuego-3d/4.27/MyProject/Content/StarterContent/Textures/T_Wood_Walnut_N.uasset" 1035
"C:/Users/Doge/Desktop/Nueva carpeta/proyecto-profesional-videojuego-3d/4.27/MyProject/Content/StarterContent/Textures/T_Wood_Walnut_N.uexp" 1036
"C:/Users/Doge/Desktop/Nueva carpeta/proyecto-profesional-videojuego-3d/4.27/MyProject/Content/StarterContent/Textures/T_Wood_Walnut_N.ubulk" 1037
"C:/Users/Doge/Desktop/Nueva carpeta/proyecto-profesional-videojuego-3d/4.27/MyProject/Content/StarterContent/Textures/T_Wood_Walnut_D.uasset" 1038
"C:/Users/Doge/Desktop/Nueva carpeta/proyecto-profesional-videojuego-3d/4.27/MyProject/Content/StarterContent/Textures/T_Wood_Walnut_D.uexp" 1039
"C:/Users/Doge/Desktop/Nueva carpeta/proyecto-profesional-videojuego-3d/4.27/MyProject/Content/StarterContent/Textures/T_Wood_Walnut_D.ubulk" 1040
"C:/Users/Doge/Desktop/Nueva carpeta/proyecto-profesional-videojuego-3d/4.27/MyProject/Content/StarterContent/Materials/M_Wood_Walnut.uasset" 1041
"C:/Users/Doge/Desktop/Nueva carpeta/proyecto-profesional-videojuego-3d/4.27/MyProject/Content/StarterContent/Materials/M_Wood_Walnut.uexp" 1042
"C:/Users/Doge/Desktop/Nueva carpeta/proyecto-profesional-videojuego-3d/4.27/MyProject/Content/StarterContent/Textures/T_Wood_Pine_N.uasset" 1043
"C:/Users/Doge/Desktop/Nueva carpeta/proyecto-profesional-videojuego-3d/4.27/MyProject/Content/StarterContent/Textures/T_Wood_Pine_N.uexp" 1044
"C:/Users/Doge/Desktop/Nueva carpeta/proyecto-profesional-videojuego-3d/4.27/MyProject/Content/StarterContent/Textures/T_Wood_Pine_N.ubulk" 1045
"C:/Users/Doge/Desktop/Nueva carpeta/proyecto-profesional-videojuego-3d/4.27/MyProject/Content/StarterContent/Textures/T_Wood_Pine_D.uasset" 1046
"C:/Users/Doge/Desktop/Nueva carpeta/proyecto-profesional-videojuego-3d/4.27/MyProject/Content/StarterContent/Textures/T_Wood_Pine_D.uexp" 1047
"C:/Users/Doge/Desktop/Nueva carpeta/proyecto-profesional-videojuego-3d/4.27/MyProject/Content/StarterContent/Textures/T_Wood_Pine_D.ubulk" 1048
"C:/Users/Doge/Desktop/Nueva carpeta/proyecto-profesional-videojuego-3d/4.27/MyProject/Content/StarterContent/Materials/M_Wood_Pine.uasset" 1049
"C:/Users/Doge/Desktop/Nueva carpeta/proyecto-profesional-videojuego-3d/4.27/MyProject/Content/StarterContent/Materials/M_Wood_Pine.uexp" 1050
"../../../Engine/Content/Functions/Engine_MaterialFunctions01/Opacity/AlphaOffset.uasset" 1051
"../../../Engine/Content/Functions/Engine_MaterialFunctions01/Opacity/AlphaOffset.uexp" 1052
"C:/Users/Doge/Desktop/Nueva carpeta/proyecto-profesional-videojuego-3d/4.27/MyProject/Content/StarterContent/Textures/T_Wood_Floor_Walnut_N.uasset" 1053
"C:/Users/Doge/Desktop/Nueva carpeta/proyecto-profesional-videojuego-3d/4.27/MyProject/Content/StarterContent/Textures/T_Wood_Floor_Walnut_N.uexp" 1054
"C:/Users/Doge/Desktop/Nueva carpeta/proyecto-profesional-videojuego-3d/4.27/MyProject/Content/StarterContent/Textures/T_Wood_Floor_Walnut_N.ubulk" 1055
"C:/Users/Doge/Desktop/Nueva carpeta/proyecto-profesional-videojuego-3d/4.27/MyProject/Content/StarterContent/Textures/T_Wood_Floor_Walnut_M.uasset" 1056
"C:/Users/Doge/Desktop/Nueva carpeta/proyecto-profesional-videojuego-3d/4.27/MyProject/Content/StarterContent/Textures/T_Wood_Floor_Walnut_M.uexp" 1057
"C:/Users/Doge/Desktop/Nueva carpeta/proyecto-profesional-videojuego-3d/4.27/MyProject/Content/StarterContent/Textures/T_Wood_Floor_Walnut_M.ubulk" 1058
"C:/Users/Doge/Desktop/Nueva carpeta/proyecto-profesional-videojuego-3d/4.27/MyProject/Content/StarterContent/Textures/T_Wood_Floor_Walnut_D.uasset" 1059
"C:/Users/Doge/Desktop/Nueva carpeta/proyecto-profesional-videojuego-3d/4.27/MyProject/Content/StarterContent/Textures/T_Wood_Floor_Walnut_D.uexp" 1060
"C:/Users/Doge/Desktop/Nueva carpeta/proyecto-profesional-videojuego-3d/4.27/MyProject/Content/StarterContent/Textures/T_Wood_Floor_Walnut_D.ubulk" 1061
"C:/Users/Doge/Desktop/Nueva carpeta/proyecto-profesional-videojuego-3d/4.27/MyProject/Content/StarterContent/Materials/M_Wood_Floor_Walnut_Worn.uasset" 1062
"C:/Users/Doge/Desktop/Nueva carpeta/proyecto-profesional-videojuego-3d/4.27/MyProject/Content/StarterContent/Materials/M_Wood_Floor_Walnut_Worn.uexp" 1063
"C:/Users/Doge/Desktop/Nueva carpeta/proyecto-profesional-videojuego-3d/4.27/MyProject/Content/StarterContent/Materials/M_Wood_Floor_Walnut_Polished.uasset" 1064
"C:/Users/Doge/Desktop/Nueva carpeta/proyecto-profesional-videojuego-3d/4.27/MyProject/Content/StarterContent/Materials/M_Wood_Floor_Walnut_Polished.uexp" 1065
"C:/Users/Doge/Desktop/Nueva carpeta/proyecto-profesional-videojuego-3d/4.27/MyProject/Content/StarterContent/Textures/T_Water_M.uasset" 1066
"C:/Users/Doge/Desktop/Nueva carpeta/proyecto-profesional-videojuego-3d/4.27/MyProject/Content/StarterContent/Textures/T_Water_M.uexp" 1067
"C:/Users/Doge/Desktop/Nueva carpeta/proyecto-profesional-videojuego-3d/4.27/MyProject/Content/StarterContent/Textures/T_Water_M.ubulk" 1068
"C:/Users/Doge/Desktop/Nueva carpeta/proyecto-profesional-videojuego-3d/4.27/MyProject/Content/StarterContent/Textures/T_Water_N.uasset" 1069
"C:/Users/Doge/Desktop/Nueva carpeta/proyecto-profesional-videojuego-3d/4.27/MyProject/Content/StarterContent/Textures/T_Water_N.uexp" 1070
"C:/Users/Doge/Desktop/Nueva carpeta/proyecto-profesional-videojuego-3d/4.27/MyProject/Content/StarterContent/Textures/T_Water_N.ubulk" 1071
"C:/Users/Doge/Desktop/Nueva carpeta/proyecto-profesional-videojuego-3d/4.27/MyProject/Content/StarterContent/Materials/M_Water_Ocean.uasset" 1072
"C:/Users/Doge/Desktop/Nueva carpeta/proyecto-profesional-videojuego-3d/4.27/MyProject/Content/StarterContent/Materials/M_Water_Ocean.uexp" 1073
"C:/Users/Doge/Desktop/Nueva carpeta/proyecto-profesional-videojuego-3d/4.27/MyProject/Content/StarterContent/Materials/M_Water_Lake.uasset" 1074
"C:/Users/Doge/Desktop/Nueva carpeta/proyecto-profesional-videojuego-3d/4.27/MyProject/Content/StarterContent/Materials/M_Water_Lake.uexp" 1075
"C:/Users/Doge/Desktop/Nueva carpeta/proyecto-profesional-videojuego-3d/4.27/MyProject/Content/StarterContent/Textures/T_Tech_Panel_N.uasset" 1076
"C:/Users/Doge/Desktop/Nueva carpeta/proyecto-profesional-videojuego-3d/4.27/MyProject/Content/StarterContent/Textures/T_Tech_Panel_N.uexp" 1077
"C:/Users/Doge/Desktop/Nueva carpeta/proyecto-profesional-videojuego-3d/4.27/MyProject/Content/StarterContent/Textures/T_Tech_Panel_N.ubulk" 1078
"C:/Users/Doge/Desktop/Nueva carpeta/proyecto-profesional-videojuego-3d/4.27/MyProject/Content/StarterContent/Textures/T_Tech_Panel_M.uasset" 1079
"C:/Users/Doge/Desktop/Nueva carpeta/proyecto-profesional-videojuego-3d/4.27/MyProject/Content/StarterContent/Textures/T_Tech_Panel_M.uexp" 1080
"C:/Users/Doge/Desktop/Nueva carpeta/proyecto-profesional-videojuego-3d/4.27/MyProject/Content/StarterContent/Textures/T_Tech_Panel_M.ubulk" 1081
"C:/Users/Doge/Desktop/Nueva carpeta/proyecto-profesional-videojuego-3d/4.27/MyProject/Content/StarterContent/Materials/M_Tech_Panel.uasset" 1082
"C:/Users/Doge/Desktop/Nueva carpeta/proyecto-profesional-videojuego-3d/4.27/MyProject/Content/StarterContent/Materials/M_Tech_Panel.uexp" 1083
"C:/Users/Doge/Desktop/Nueva carpeta/proyecto-profesional-videojuego-3d/4.27/MyProject/Content/StarterContent/Textures/T_Tech_Hex_Tile_N.uasset" 1084
"C:/Users/Doge/Desktop/Nueva carpeta/proyecto-profesional-videojuego-3d/4.27/MyProject/Content/StarterContent/Textures/T_Tech_Hex_Tile_N.uexp" 1085
"C:/Users/Doge/Desktop/Nueva carpeta/proyecto-profesional-videojuego-3d/4.27/MyProject/Content/StarterContent/Textures/T_Tech_Hex_Tile_N.ubulk" 1086
"C:/Users/Doge/Desktop/Nueva carpeta/proyecto-profesional-videojuego-3d/4.27/MyProject/Content/StarterContent/Textures/T_Tech_Hex_Tile_M.uasset" 1087
"C:/Users/Doge/Desktop/Nueva carpeta/proyecto-profesional-videojuego-3d/4.27/MyProject/Content/StarterContent/Textures/T_Tech_Hex_Tile_M.uexp" 1088
"C:/Users/Doge/Desktop/Nueva carpeta/proyecto-profesional-videojuego-3d/4.27/MyProject/Content/StarterContent/Textures/T_Tech_Hex_Tile_M.ubulk" 1089
"C:/Users/Doge/Desktop/Nueva carpeta/proyecto-profesional-videojuego-3d/4.27/MyProject/Content/StarterContent/Materials/M_Tech_Hex_Tile_Pulse.uasset" 1090
"C:/Users/Doge/Desktop/Nueva carpeta/proyecto-profesional-videojuego-3d/4.27/MyProject/Content/StarterContent/Materials/M_Tech_Hex_Tile_Pulse.uexp" 1091
"C:/Users/Doge/Desktop/Nueva carpeta/proyecto-profesional-videojuego-3d/4.27/MyProject/Content/StarterContent/Materials/M_Tech_Hex_Tile.uasset" 1092
"C:/Users/Doge/Desktop/Nueva carpeta/proyecto-profesional-videojuego-3d/4.27/MyProject/Content/StarterContent/Materials/M_Tech_Hex_Tile.uexp" 1093
"C:/Users/Doge/Desktop/Nueva carpeta/proyecto-profesional-videojuego-3d/4.27/MyProject/Content/StarterContent/Textures/T_Tech_Dot_N.uasset" 1094
"C:/Users/Doge/Desktop/Nueva carpeta/proyecto-profesional-videojuego-3d/4.27/MyProject/Content/StarterContent/Textures/T_Tech_Dot_N.uexp" 1095
"C:/Users/Doge/Desktop/Nueva carpeta/proyecto-profesional-videojuego-3d/4.27/MyProject/Content/StarterContent/Textures/T_Tech_Dot_N.ubulk" 1096
"C:/Users/Doge/Desktop/Nueva carpeta/proyecto-profesional-videojuego-3d/4.27/MyProject/Content/StarterContent/Textures/T_Tech_Dot_M.uasset" 1097
"C:/Users/Doge/Desktop/Nueva carpeta/proyecto-profesional-videojuego-3d/4.27/MyProject/Content/StarterContent/Textures/T_Tech_Dot_M.uexp" 1098
"C:/Users/Doge/Desktop/Nueva carpeta/proyecto-profesional-videojuego-3d/4.27/MyProject/Content/StarterContent/Textures/T_Tech_Dot_M.ubulk" 1099
"C:/Users/Doge/Desktop/Nueva carpeta/proyecto-profesional-videojuego-3d/4.27/MyProject/Content/StarterContent/Textures/T_Single_Tile_N.uasset" 1100
"C:/Users/Doge/Desktop/Nueva carpeta/proyecto-profesional-videojuego-3d/4.27/MyProject/Content/StarterContent/Textures/T_Single_Tile_N.uexp" 1101
"C:/Users/Doge/Desktop/Nueva carpeta/proyecto-profesional-videojuego-3d/4.27/MyProject/Content/StarterContent/Textures/T_Single_Tile_N.ubulk" 1102
"C:/Users/Doge/Desktop/Nueva carpeta/proyecto-profesional-videojuego-3d/4.27/MyProject/Content/StarterContent/Textures/T_Checker_Noise_M.uasset" 1103
"C:/Users/Doge/Desktop/Nueva carpeta/proyecto-profesional-videojuego-3d/4.27/MyProject/Content/StarterContent/Textures/T_Checker_Noise_M.uexp" 1104
"C:/Users/Doge/Desktop/Nueva carpeta/proyecto-profesional-videojuego-3d/4.27/MyProject/Content/StarterContent/Textures/T_Checker_Noise_M.ubulk" 1105
"C:/Users/Doge/Desktop/Nueva carpeta/proyecto-profesional-videojuego-3d/4.27/MyProject/Content/StarterContent/Materials/M_Tech_Checker_Dot.uasset" 1106
"C:/Users/Doge/Desktop/Nueva carpeta/proyecto-profesional-videojuego-3d/4.27/MyProject/Content/StarterContent/Materials/M_Tech_Checker_Dot.uexp" 1107
"C:/Users/Doge/Desktop/Nueva carpeta/proyecto-profesional-videojuego-3d/4.27/MyProject/Content/StarterContent/Textures/T_Lamp_N.uasset" 1108
"C:/Users/Doge/Desktop/Nueva carpeta/proyecto-profesional-videojuego-3d/4.27/MyProject/Content/StarterContent/Textures/T_Lamp_N.uexp" 1109
"C:/Users/Doge/Desktop/Nueva carpeta/proyecto-profesional-videojuego-3d/4.27/MyProject/Content/StarterContent/Textures/T_Lamp_N.ubulk" 1110
"C:/Users/Doge/Desktop/Nueva carpeta/proyecto-profesional-videojuego-3d/4.27/MyProject/Content/StarterContent/Textures/T_Lamp_M.uasset" 1111
"C:/Users/Doge/Desktop/Nueva carpeta/proyecto-profesional-videojuego-3d/4.27/MyProject/Content/StarterContent/Textures/T_Lamp_M.uexp" 1112
"C:/Users/Doge/Desktop/Nueva carpeta/proyecto-profesional-videojuego-3d/4.27/MyProject/Content/StarterContent/Textures/T_Lamp_M.ubulk" 1113
"C:/Users/Doge/Desktop/Nueva carpeta/proyecto-profesional-videojuego-3d/4.27/MyProject/Content/StarterContent/Props/Materials/M_Lamp.uasset" 1114
"C:/Users/Doge/Desktop/Nueva carpeta/proyecto-profesional-videojuego-3d/4.27/MyProject/Content/StarterContent/Props/Materials/M_Lamp.uexp" 1115
"C:/Users/Doge/Desktop/Nueva carpeta/proyecto-profesional-videojuego-3d/4.27/MyProject/Content/StarterContent/Props/SM_Lamp_Wall.uasset" 1116
"C:/Users/Doge/Desktop/Nueva carpeta/proyecto-profesional-videojuego-3d/4.27/MyProject/Content/StarterContent/Props/SM_Lamp_Wall.uexp" 1117
"C:/Users/Doge/Desktop/Nueva carpeta/proyecto-profesional-videojuego-3d/4.27/MyProject/Content/StarterContent/Blueprints/Blueprint_WallSconce.uasset" 1118
"C:/Users/Doge/Desktop/Nueva carpeta/proyecto-profesional-videojuego-3d/4.27/MyProject/Content/StarterContent/Blueprints/Blueprint_WallSconce.uexp" 1119
"C:/Users/Doge/Desktop/Nueva carpeta/proyecto-profesional-videojuego-3d/4.27/MyProject/Content/StarterContent/Textures/T_Smoke_Tiled_D.uasset" 1120
"C:/Users/Doge/Desktop/Nueva carpeta/proyecto-profesional-videojuego-3d/4.27/MyProject/Content/StarterContent/Textures/T_Smoke_Tiled_D.uexp" 1121
"C:/Users/Doge/Desktop/Nueva carpeta/proyecto-profesional-videojuego-3d/4.27/MyProject/Content/StarterContent/Textures/T_Smoke_Tiled_D.ubulk" 1122
"C:/Users/Doge/Desktop/Nueva carpeta/proyecto-profesional-videojuego-3d/4.27/MyProject/Content/StarterContent/Textures/T_Smoke_SubUV.uasset" 1123
"C:/Users/Doge/Desktop/Nueva carpeta/proyecto-profesional-videojuego-3d/4.27/MyProject/Content/StarterContent/Textures/T_Smoke_SubUV.uexp" 1124
"C:/Users/Doge/Desktop/Nueva carpeta/proyecto-profesional-videojuego-3d/4.27/MyProject/Content/StarterContent/Textures/T_Smoke_SubUV.ubulk" 1125
"C:/Users/Doge/Desktop/Nueva carpeta/proyecto-profesional-videojuego-3d/4.27/MyProject/Content/StarterContent/Particles/Materials/M_smoke_subUV.uasset" 1126
"C:/Users/Doge/Desktop/Nueva carpeta/proyecto-profesional-videojuego-3d/4.27/MyProject/Content/StarterContent/Particles/Materials/M_smoke_subUV.uexp" 1127
"C:/Users/Doge/Desktop/Nueva carpeta/proyecto-profesional-videojuego-3d/4.27/MyProject/Content/StarterContent/Particles/P_Steam_Lit.uasset" 1128
"C:/Users/Doge/Desktop/Nueva carpeta/proyecto-profesional-videojuego-3d/4.27/MyProject/Content/StarterContent/Particles/P_Steam_Lit.uexp" 1129
"C:/Users/Doge/Desktop/Nueva carpeta/proyecto-profesional-videojuego-3d/4.27/MyProject/Content/StarterContent/Audio/Steam01_Cue.uasset" 1130
"C:/Users/Doge/Desktop/Nueva carpeta/proyecto-profesional-videojuego-3d/4.27/MyProject/Content/StarterContent/Audio/Steam01_Cue.uexp" 1131
"C:/Users/Doge/Desktop/Nueva carpeta/proyecto-profesional-videojuego-3d/4.27/MyProject/Content/StarterContent/Blueprints/Blueprint_Effect_Steam.uasset" 1132
"C:/Users/Doge/Desktop/Nueva carpeta/proyecto-profesional-videojuego-3d/4.27/MyProject/Content/StarterContent/Blueprints/Blueprint_Effect_Steam.uexp" 1133
"C:/Users/Doge/Desktop/Nueva carpeta/proyecto-profesional-videojuego-3d/4.27/MyProject/Content/StarterContent/Textures/T_Spark_Core.uasset" 1134
"C:/Users/Doge/Desktop/Nueva carpeta/proyecto-profesional-videojuego-3d/4.27/MyProject/Content/StarterContent/Textures/T_Spark_Core.uexp" 1135
"C:/Users/Doge/Desktop/Nueva carpeta/proyecto-profesional-videojuego-3d/4.27/MyProject/Content/StarterContent/Textures/T_Spark_Core.ubulk" 1136
"C:/Users/Doge/Desktop/Nueva carpeta/proyecto-profesional-videojuego-3d/4.27/MyProject/Content/StarterContent/Particles/Materials/M_Spark.uasset" 1137
"C:/Users/Doge/Desktop/Nueva carpeta/proyecto-profesional-videojuego-3d/4.27/MyProject/Content/StarterContent/Particles/Materials/M_Spark.uexp" 1138
"../../../Engine/Content/Functions/Engine_MaterialFunctions01/Gradient/RadialGradient.uasset" 1139
"../../../Engine/Content/Functions/Engine_MaterialFunctions01/Gradient/RadialGradient.uexp" 1140
"C:/Users/Doge/Desktop/Nueva carpeta/proyecto-profesional-videojuego-3d/4.27/MyProject/Content/StarterContent/Particles/Materials/M_Radial_Gradient.uasset" 1141
"C:/Users/Doge/Desktop/Nueva carpeta/proyecto-profesional-videojuego-3d/4.27/MyProject/Content/StarterContent/Particles/Materials/M_Radial_Gradient.uexp" 1142
"C:/Users/Doge/Desktop/Nueva carpeta/proyecto-profesional-videojuego-3d/4.27/MyProject/Content/StarterContent/Particles/P_Sparks.uasset" 1143
"C:/Users/Doge/Desktop/Nueva carpeta/proyecto-profesional-videojuego-3d/4.27/MyProject/Content/StarterContent/Particles/P_Sparks.uexp" 1144
"C:/Users/Doge/Desktop/Nueva carpeta/proyecto-profesional-videojuego-3d/4.27/MyProject/Content/StarterContent/Audio/Fire_Sparks01_Cue.uasset" 1145
"C:/Users/Doge/Desktop/Nueva carpeta/proyecto-profesional-videojuego-3d/4.27/MyProject/Content/StarterContent/Audio/Fire_Sparks01_Cue.uexp" 1146
"C:/Users/Doge/Desktop/Nueva carpeta/proyecto-profesional-videojuego-3d/4.27/MyProject/Content/StarterContent/Blueprints/Blueprint_Effect_Sparks.uasset" 1147
"C:/Users/Doge/Desktop/Nueva carpeta/proyecto-profesional-videojuego-3d/4.27/MyProject/Content/StarterContent/Blueprints/Blueprint_Effect_Sparks.uexp" 1148
"C:/Users/Doge/Desktop/Nueva carpeta/proyecto-profesional-videojuego-3d/4.27/MyProject/Content/StarterContent/Particles/P_Smoke.uasset" 1149
"C:/Users/Doge/Desktop/Nueva carpeta/proyecto-profesional-videojuego-3d/4.27/MyProject/Content/StarterContent/Particles/P_Smoke.uexp" 1150
"C:/Users/Doge/Desktop/Nueva carpeta/proyecto-profesional-videojuego-3d/4.27/MyProject/Content/StarterContent/Audio/Smoke01_Cue.uasset" 1151
"C:/Users/Doge/Desktop/Nueva carpeta/proyecto-profesional-videojuego-3d/4.27/MyProject/Content/StarterContent/Audio/Smoke01_Cue.uexp" 1152
"C:/Users/Doge/Desktop/Nueva carpeta/proyecto-profesional-videojuego-3d/4.27/MyProject/Content/StarterContent/Blueprints/Blueprint_Effect_Smoke.uasset" 1153
"C:/Users/Doge/Desktop/Nueva carpeta/proyecto-profesional-videojuego-3d/4.27/MyProject/Content/StarterContent/Blueprints/Blueprint_Effect_Smoke.uexp" 1154
"C:/Users/Doge/Desktop/Nueva carpeta/proyecto-profesional-videojuego-3d/4.27/MyProject/Content/StarterContent/Particles/Materials/M_Heat_Distortion.uasset" 1155
"C:/Users/Doge/Desktop/Nueva carpeta/proyecto-profesional-videojuego-3d/4.27/MyProject/Content/StarterContent/Particles/Materials/M_Heat_Distortion.uexp" 1156
"C:/Users/Doge/Desktop/Nueva carpeta/proyecto-profesional-videojuego-3d/4.27/MyProject/Content/StarterContent/Textures/T_Fire_Tiled_D.uasset" 1157
"C:/Users/Doge/Desktop/Nueva carpeta/proyecto-profesional-videojuego-3d/4.27/MyProject/Content/StarterContent/Textures/T_Fire_Tiled_D.uexp" 1158
"C:/Users/Doge/Desktop/Nueva carpeta/proyecto-profesional-videojuego-3d/4.27/MyProject/Content/StarterContent/Textures/T_Fire_Tiled_D.ubulk" 1159
"C:/Users/Doge/Desktop/Nueva carpeta/proyecto-profesional-videojuego-3d/4.27/MyProject/Content/StarterContent/Textures/T_Fire_SubUV.uasset" 1160
"C:/Users/Doge/Desktop/Nueva carpeta/proyecto-profesional-videojuego-3d/4.27/MyProject/Content/StarterContent/Textures/T_Fire_SubUV.uexp" 1161
"C:/Users/Doge/Desktop/Nueva carpeta/proyecto-profesional-videojuego-3d/4.27/MyProject/Content/StarterContent/Textures/T_Fire_SubUV.ubulk" 1162
"C:/Users/Doge/Desktop/Nueva carpeta/proyecto-profesional-videojuego-3d/4.27/MyProject/Content/StarterContent/Particles/Materials/M_Fire_SubUV.uasset" 1163
"C:/Users/Doge/Desktop/Nueva carpeta/proyecto-profesional-videojuego-3d/4.27/MyProject/Content/StarterContent/Particles/Materials/M_Fire_SubUV.uexp" 1164
"C:/Users/Doge/Desktop/Nueva carpeta/proyecto-profesional-videojuego-3d/4.27/MyProject/Content/StarterContent/Particles/P_Fire.uasset" 1165
"C:/Users/Doge/Desktop/Nueva carpeta/proyecto-profesional-videojuego-3d/4.27/MyProject/Content/StarterContent/Particles/P_Fire.uexp" 1166
"C:/Users/Doge/Desktop/Nueva carpeta/proyecto-profesional-videojuego-3d/4.27/MyProject/Content/StarterContent/Audio/Fire01_Cue.uasset" 1167
"C:/Users/Doge/Desktop/Nueva carpeta/proyecto-profesional-videojuego-3d/4.27/MyProject/Content/StarterContent/Audio/Fire01_Cue.uexp" 1168
"C:/Users/Doge/Desktop/Nueva carpeta/proyecto-profesional-videojuego-3d/4.27/MyProject/Content/StarterContent/Blueprints/Blueprint_Effect_Fire.uasset" 1169
"C:/Users/Doge/Desktop/Nueva carpeta/proyecto-profesional-videojuego-3d/4.27/MyProject/Content/StarterContent/Blueprints/Blueprint_Effect_Fire.uexp" 1170
"C:/Users/Doge/Desktop/Nueva carpeta/proyecto-profesional-videojuego-3d/4.27/MyProject/Content/StarterContent/Props/SM_Lamp_Ceiling.uasset" 1171
"C:/Users/Doge/Desktop/Nueva carpeta/proyecto-profesional-videojuego-3d/4.27/MyProject/Content/StarterContent/Props/SM_Lamp_Ceiling.uexp" 1172
"C:/Users/Doge/Desktop/Nueva carpeta/proyecto-profesional-videojuego-3d/4.27/MyProject/Content/StarterContent/Blueprints/Blueprint_CeilingLight.uasset" 1173
"C:/Users/Doge/Desktop/Nueva carpeta/proyecto-profesional-videojuego-3d/4.27/MyProject/Content/StarterContent/Blueprints/Blueprint_CeilingLight.uexp" 1174
"C:/Users/Doge/Desktop/Nueva carpeta/proyecto-profesional-videojuego-3d/4.27/MyProject/Content/StarterContent/Audio/Starter_Music_Cue.uasset" 1175
"C:/Users/Doge/Desktop/Nueva carpeta/proyecto-profesional-videojuego-3d/4.27/MyProject/Content/StarterContent/Audio/Starter_Music_Cue.uexp" 1176
"C:/Users/Doge/Desktop/Nueva carpeta/proyecto-profesional-videojuego-3d/4.27/MyProject/Content/StarterContent/Audio/Collapse_Cue.uasset" 1177
"C:/Users/Doge/Desktop/Nueva carpeta/proyecto-profesional-videojuego-3d/4.27/MyProject/Content/StarterContent/Audio/Collapse_Cue.uexp" 1178
"C:/Users/Doge/Desktop/Nueva carpeta/proyecto-profesional-videojuego-3d/4.27/MyProject/Content/StarterContent/Architecture/Wall_Window_400x300.uasset" 1179
"C:/Users/Doge/Desktop/Nueva carpeta/proyecto-profesional-videojuego-3d/4.27/MyProject/Content/StarterContent/Architecture/Wall_Window_400x300.uexp" 1180
"C:/Users/Doge/Desktop/Nueva carpeta/proyecto-profesional-videojuego-3d/4.27/MyProject/Content/StarterContent/Architecture/Wall_Door_400x300.uasset" 1181
"C:/Users/Doge/Desktop/Nueva carpeta/proyecto-profesional-videojuego-3d/4.27/MyProject/Content/StarterContent/Architecture/Wall_Door_400x300.uexp" 1182
"C:/Users/Doge/Desktop/Nueva carpeta/proyecto-profesional-videojuego-3d/4.27/MyProject/Content/StarterContent/Architecture/Wall_400x200.uasset" 1183
"C:/Users/Doge/Desktop/Nueva carpeta/proyecto-profesional-videojuego-3d/4.27/MyProject/Content/StarterContent/Architecture/Wall_400x200.uexp" 1184
"C:/Users/Doge/Desktop/Nueva carpeta/proyecto-profesional-videojuego-3d/4.27/MyProject/Content/StarterContent/Maps/StarterMap.uexp" 1185
"C:/Users/Doge/Desktop/Nueva carpeta/proyecto-profesional-videojuego-3d/4.27/MyProject/Content/StarterContent/Maps/StarterMap.umap" 1186
"../../../Engine/Content/MobileResources/HUD/DefaultVirtualJoysticks.uasset" 1187
"../../../Engine/Content/MobileResources/HUD/DefaultVirtualJoysticks.uexp" 1188
"C:/Users/Doge/Desktop/Nueva carpeta/proyecto-profesional-videojuego-3d/4.27/MyProject/Content/StarterContent/Textures/T_Wood_Oak_Mat.uasset" 1189
"C:/Users/Doge/Desktop/Nueva carpeta/proyecto-profesional-videojuego-3d/4.27/MyProject/Content/StarterContent/Textures/T_Wood_Oak_Mat.uexp" 1190
"C:/Users/Doge/Desktop/Nueva carpeta/proyecto-profesional-videojuego-3d/4.27/MyProject/Content/StarterContent/Textures/T_Wood_Floor_Walnut_Mat.uasset" 1191
"C:/Users/Doge/Desktop/Nueva carpeta/proyecto-profesional-videojuego-3d/4.27/MyProject/Content/StarterContent/Textures/T_Wood_Floor_Walnut_Mat.uexp" 1192
"C:/Users/Doge/Desktop/Nueva carpeta/proyecto-profesional-videojuego-3d/4.27/MyProject/Content/StarterContent/Textures/T_Tech_Panel_M_Mat.uasset" 1193
"C:/Users/Doge/Desktop/Nueva carpeta/proyecto-profesional-videojuego-3d/4.27/MyProject/Content/StarterContent/Textures/T_Tech_Panel_M_Mat.uexp" 1194
"C:/Users/Doge/Desktop/Nueva carpeta/proyecto-profesional-videojuego-3d/4.27/MyProject/Content/StarterContent/Textures/T_ground_Moss_Mat.uasset" 1195
"C:/Users/Doge/Desktop/Nueva carpeta/proyecto-profesional-videojuego-3d/4.27/MyProject/Content/StarterContent/Textures/T_ground_Moss_Mat.uexp" 1196
"C:/Users/Doge/Desktop/Nueva carpeta/proyecto-profesional-videojuego-3d/4.27/MyProject/Content/StarterContent/Textures/T_Concrete_Tiles_M_Mat.uasset" 1197
"C:/Users/Doge/Desktop/Nueva carpeta/proyecto-profesional-videojuego-3d/4.27/MyProject/Content/StarterContent/Textures/T_Concrete_Tiles_M_Mat.uexp" 1198
"C:/Users/Doge/Desktop/Nueva carpeta/proyecto-profesional-videojuego-3d/4.27/MyProject/Content/StarterContent/Maps/Prueba_BuiltData.uasset" 1199
"C:/Users/Doge/Desktop/Nueva carpeta/proyecto-profesional-videojuego-3d/4.27/MyProject/Content/StarterContent/Maps/Prueba_BuiltData.uexp" 1200
"C:/Users/Doge/Desktop/Nueva carpeta/proyecto-profesional-videojuego-3d/4.27/MyProject/Content/StarterContent/Maps/Prueba_BuiltData.ubulk" 1201
"C:/Users/Doge/Desktop/Nueva carpeta/proyecto-profesional-videojuego-3d/4.27/MyProject/Content/StarterContent/ThirdPersonBP/Blueprints/ThirdPersonGameMode.uasset" 1202
"C:/Users/Doge/Desktop/Nueva carpeta/proyecto-profesional-videojuego-3d/4.27/MyProject/Content/StarterContent/ThirdPersonBP/Blueprints/ThirdPersonGameMode.uexp" 1203
"C:/Users/Doge/Desktop/Nueva carpeta/proyecto-profesional-videojuego-3d/4.27/MyProject/Content/StarterContent/Shapes/Shape_Tube.uasset" 1204
"C:/Users/Doge/Desktop/Nueva carpeta/proyecto-profesional-videojuego-3d/4.27/MyProject/Content/StarterContent/Shapes/Shape_Tube.uexp" 1205
"C:/Users/Doge/Desktop/Nueva carpeta/proyecto-profesional-videojuego-3d/4.27/MyProject/Content/StarterContent/Blueprints/Caida.uasset" 1206
"C:/Users/Doge/Desktop/Nueva carpeta/proyecto-profesional-videojuego-3d/4.27/MyProject/Content/StarterContent/Blueprints/Caida.uexp" 1207
"C:/Users/Doge/Desktop/Nueva carpeta/proyecto-profesional-videojuego-3d/4.27/MyProject/Content/StarterContent/Blueprints/BP_PlataformaMovil.uasset" 1208
"C:/Users/Doge/Desktop/Nueva carpeta/proyecto-profesional-videojuego-3d/4.27/MyProject/Content/StarterContent/Blueprints/BP_PlataformaMovil.uexp" 1209
"C:/Users/Doge/Desktop/Nueva carpeta/proyecto-profesional-videojuego-3d/4.27/MyProject/Content/StarterContent/Shapes/Shape_Cone.uasset" 1210
"C:/Users/Doge/Desktop/Nueva carpeta/proyecto-profesional-videojuego-3d/4.27/MyProject/Content/StarterContent/Shapes/Shape_Cone.uexp" 1211
"C:/Users/Doge/Desktop/Nueva carpeta/proyecto-profesional-videojuego-3d/4.27/MyProject/Content/StarterContent/Blueprints/BP_Pincho2.uasset" 1212
"C:/Users/Doge/Desktop/Nueva carpeta/proyecto-profesional-videojuego-3d/4.27/MyProject/Content/StarterContent/Blueprints/BP_Pincho2.uexp" 1213
"C:/Users/Doge/Desktop/Nueva carpeta/proyecto-profesional-videojuego-3d/4.27/MyProject/Content/StarterContent/Maps/Prueba.uexp" 1214
"C:/Users/Doge/Desktop/Nueva carpeta/proyecto-profesional-videojuego-3d/4.27/MyProject/Content/StarterContent/Maps/Prueba.umap" 1215
"C:/Users/Doge/Desktop/Nueva carpeta/proyecto-profesional-videojuego-3d/4.27/MyProject/Content/ThirdPerson/Meshes/RampMaterial.uasset" 1216
"C:/Users/Doge/Desktop/Nueva carpeta/proyecto-profesional-videojuego-3d/4.27/MyProject/Content/ThirdPerson/Meshes/RampMaterial.uexp" 1217
"C:/Users/Doge/Desktop/Nueva carpeta/proyecto-profesional-videojuego-3d/4.27/MyProject/Content/ThirdPerson/Meshes/RightArm_StaticMesh.uasset" 1218
"C:/Users/Doge/Desktop/Nueva carpeta/proyecto-profesional-videojuego-3d/4.27/MyProject/Content/ThirdPerson/Meshes/RightArm_StaticMesh.uexp" 1219
"C:/Users/Doge/Desktop/Nueva carpeta/proyecto-profesional-videojuego-3d/4.27/MyProject/Content/ThirdPerson/Meshes/Ramp_StaticMesh.uasset" 1220
"C:/Users/Doge/Desktop/Nueva carpeta/proyecto-profesional-videojuego-3d/4.27/MyProject/Content/ThirdPerson/Meshes/Ramp_StaticMesh.uexp" 1221
"C:/Users/Doge/Desktop/Nueva carpeta/proyecto-profesional-videojuego-3d/4.27/MyProject/Content/ThirdPerson/Meshes/Linear_Stair_StaticMesh.uasset" 1222
"C:/Users/Doge/Desktop/Nueva carpeta/proyecto-profesional-videojuego-3d/4.27/MyProject/Content/ThirdPerson/Meshes/Linear_Stair_StaticMesh.uexp" 1223
"C:/Users/Doge/Desktop/Nueva carpeta/proyecto-profesional-videojuego-3d/4.27/MyProject/Content/ThirdPerson/Meshes/LeftArm_StaticMesh.uasset" 1224
"C:/Users/Doge/Desktop/Nueva carpeta/proyecto-profesional-videojuego-3d/4.27/MyProject/Content/ThirdPerson/Meshes/LeftArm_StaticMesh.uexp" 1225
"C:/Users/Doge/Desktop/Nueva carpeta/proyecto-profesional-videojuego-3d/4.27/MyProject/Content/ThirdPerson/Meshes/Bump_StaticMesh.uasset" 1226
"C:/Users/Doge/Desktop/Nueva carpeta/proyecto-profesional-videojuego-3d/4.27/MyProject/Content/ThirdPerson/Meshes/Bump_StaticMesh.uexp" 1227
"C:/Users/Doge/Desktop/Nueva carpeta/proyecto-profesional-videojuego-3d/4.27/MyProject/Content/StarterContent/ThirdPersonBP/Maps/ThirdPersonExampleMap_BuiltData.uasset" 1228
"C:/Users/Doge/Desktop/Nueva carpeta/proyecto-profesional-videojuego-3d/4.27/MyProject/Content/StarterContent/ThirdPersonBP/Maps/ThirdPersonExampleMap_BuiltData.uexp" 1229
"C:/Users/Doge/Desktop/Nueva carpeta/proyecto-profesional-videojuego-3d/4.27/MyProject/Content/StarterContent/ThirdPersonBP/Maps/ThirdPersonExampleMap_BuiltData.ubulk" 1230
"C:/Users/Doge/Desktop/Nueva carpeta/proyecto-profesional-videojuego-3d/4.27/MyProject/Content/StarterContent/ThirdPersonBP/Blueprints/ThirdPersonCharacter.uasset" 1231
"C:/Users/Doge/Desktop/Nueva carpeta/proyecto-profesional-videojuego-3d/4.27/MyProject/Content/StarterContent/ThirdPersonBP/Blueprints/ThirdPersonCharacter.uexp" 1232
"C:/Users/Doge/Desktop/Nueva carpeta/proyecto-profesional-videojuego-3d/4.27/MyProject/Content/Geometry/Meshes/CubeMaterial.uasset" 1233
"C:/Users/Doge/Desktop/Nueva carpeta/proyecto-profesional-videojuego-3d/4.27/MyProject/Content/Geometry/Meshes/CubeMaterial.uexp" 1234
"C:/Users/Doge/Desktop/Nueva carpeta/proyecto-profesional-videojuego-3d/4.27/MyProject/Content/Geometry/Meshes/1M_Cube_Chamfer.uasset" 1235
"C:/Users/Doge/Desktop/Nueva carpeta/proyecto-profesional-videojuego-3d/4.27/MyProject/Content/Geometry/Meshes/1M_Cube_Chamfer.uexp" 1236
"C:/Users/Doge/Desktop/Nueva carpeta/proyecto-profesional-videojuego-3d/4.27/MyProject/Content/Geometry/Meshes/TemplateFloor.uasset" 1237
"C:/Users/Doge/Desktop/Nueva carpeta/proyecto-profesional-videojuego-3d/4.27/MyProject/Content/Geometry/Meshes/TemplateFloor.uexp" 1238
"C:/Users/Doge/Desktop/Nueva carpeta/proyecto-profesional-videojuego-3d/4.27/MyProject/Content/Geometry/Meshes/1M_Cube.uasset" 1239
"C:/Users/Doge/Desktop/Nueva carpeta/proyecto-profesional-videojuego-3d/4.27/MyProject/Content/Geometry/Meshes/1M_Cube.uexp" 1240
"C:/Users/Doge/Desktop/Nueva carpeta/proyecto-profesional-videojuego-3d/4.27/MyProject/Content/StarterContent/ThirdPersonBP/Maps/ThirdPersonExampleMap.uexp" 1241
"C:/Users/Doge/Desktop/Nueva carpeta/proyecto-profesional-videojuego-3d/4.27/MyProject/Content/StarterContent/ThirdPersonBP/Maps/ThirdPersonExampleMap.umap" 1242
